"Edição 677","Galáxia em crescimento - ","Jornal da Unicamp","http://www.unicamp.br/unicamp/ju/677/galaxia-em-crescimento",""
"Edição 677","Tradição que conserva - Pesquisa aponta importância do papel das populações tradicionais nas ações de combate à erosão genética vegetal","Jornal da Unicamp","http://www.unicamp.br/unicamp/ju/677/tradicao-que-conserva",""
"Edição 677","Pistas sobre o Alzheimer - Perda do senso de continuidade temporal pode estar ligada à função da DMN","Jornal da Unicamp","http://www.unicamp.br/unicamp/ju/677/pistas-sobre-o-alzheimer",""
"Edição 677","Longevidade ampliada - Pesquisa do IB prolonga a vida de verme em 20% ao inibir proteína presente também no organismo humano","Jornal da Unicamp","http://www.unicamp.br/unicamp/ju/677/longevidade-ampliada",""
"Edição 677","Estudos associam pouco sono a doenças - Pesquisas desenvolvidas em laboratório da Unicamp trazem novas revelações a respeito dos efeitos da obesidade entre crianças e adolescentes","Jornal da Unicamp","http://www.unicamp.br/unicamp/ju/677/estudos-associam-pouco-sono-doencas",""
"Edição 677","Uma metodologia para cidades inteligentes - Proposta pode auxiliar municípios na adequação de políticas e planejamento urbano","Jornal da Unicamp","http://www.unicamp.br/unicamp/ju/677/uma-metodologia-para-cidades-inteligentes",""
"Edição 677","Tudo se aproveita na atemoia - Estudo da FEA comprova que fruta possui importantes propriedades funcionais","Jornal da Unicamp","http://www.unicamp.br/unicamp/ju/677/tudo-se-aproveita-na-atemoia",""
"Edição 677","Saúde e educação no centro  do debate no Fórum Penses - ","Jornal da Unicamp","http://www.unicamp.br/unicamp/ju/677/saude-e-educacao-no-centro-do-debate-no-forum-penses",""
"Edição 677","Burocracia impulsiona indústria de semicondutores - Pesquisa descreve e analisa o setor no país, traçando as principais políticas públicas","Jornal da Unicamp","http://www.unicamp.br/unicamp/ju/677/burocracia-impulsiona-industria-de-semicondutores",""
"Edição 677","O pêndulo da Funarte - ","Jornal da Unicamp","http://www.unicamp.br/unicamp/ju/677/o-pendulo-da-funarte",""
"Edição 676","Telescópio - ","Jornal da Unicamp","http://www.unicamp.br/unicamp/ju/676/telescopio",""
"Edição 676","A arapuca que aprisiona partículas de luz - Cientistas do Instituto de Física desenvolvem nova geração de detectores de neutrinos","Jornal da Unicamp","http://www.unicamp.br/unicamp/ju/676/arapuca-que-aprisiona-particulas-de-luz",""
"Edição 676","Bioquímico reverte resistência de células cancerígenas a quimioterápico - MicroRNAs são alvos-terapêuticos para câncer e hipertensão","Jornal da Unicamp","http://www.unicamp.br/unicamp/ju/676/bioquimico-reverte-resistencia-de-celulas-cancerigenas-quimioterapico",""
"Edição 676","Estudos comprovam efeito ergogênico da melatonina - Testes com animais mostram que substância pode melhorar desempenho em exercícios físicos","Jornal da Unicamp","http://www.unicamp.br/unicamp/ju/676/estudos-comprovam-efeito-ergogenico-da-melatonina",""
"Edição 676","Memórias femininas do cárcere - Tese retrata a realidade vivida por presas de cerca de 60 países na Penitenciária Feminina da Capital","Jornal da Unicamp","http://www.unicamp.br/unicamp/ju/676/memorias-femininas-do-carcere",""
"Edição 676","Ruído afeta a percepção da fala de crianças, aponta estudo - Pesquisa mostra a urgência de testes auditivos já nos primeiros anos do ensino fundamental","Jornal da Unicamp","http://www.unicamp.br/unicamp/ju/676/ruido-afeta-percepcao-da-fala-de-criancas-aponta-estudo",""
"Edição 676","Princípios darwinianos inspiram algoritmo que resolve problemas - Método descobre soluções em várias áreas, das telecomunicações à economia","Jornal da Unicamp","http://www.unicamp.br/unicamp/ju/676/principios-darwinianos-inspiram-algoritmo-que-resolve-problemas",""
"Edição 676","Melhores projetos da Unicamp são premiados - ","Jornal da Unicamp","http://www.unicamp.br/unicamp/ju/676/melhores-projetos-da-unicamp-sao-premiados",""
"Edição 676","Jogadores de futebol não buscam direitos, expõe tese - Estudo de educadora física mostra que é quase inexistente o envolvimento da categoria em ações sindicais","Jornal da Unicamp","http://www.unicamp.br/unicamp/ju/676/jogadores-de-futebol-nao-buscam-direitos-expoe-tese",""
"Edição 676","Da solidariedade às insurreições - ","Jornal da Unicamp","http://www.unicamp.br/unicamp/ju/676/da-solidariedade-insurreicoes",""
"Edição 675","Telescópio - ","Jornal da Unicamp","http://www.unicamp.br/unicamp/ju/675/telescopio",""
"Edição 675","Quando a obesidade dá os primeiros sinais - Estudo com conclusões inéditas associa disfunções no hipotálamo a comprometimento do controle da saciedade em crianças","Jornal da Unicamp","http://www.unicamp.br/unicamp/ju/675/quando-obesidade-da-os-primeiros-sinais",""
"Edição 675","Livro revela intervenções dos EUA no governo JK - Dissertação que deu origem à obra foi elaborada a partir de documentação oficial da Embaixada dos EUA no Brasil","Jornal da Unicamp","http://www.unicamp.br/unicamp/ju/675/livro-revela-intervencoes-dos-eua-no-governo-jk",""
"Edição 675","Esforço antifalsificação - Unicamp integra consórcio internacional que busca soluções computacionais para combater fraudes em fotos e vídeos","Jornal da Unicamp","http://www.unicamp.br/unicamp/ju/675/esforco-antifalsificacao",""
"Edição 675","País recebe 30 mil novos imigrantes italianos entre 2000 e 2015 - Dados são de projeto que quantifica e traça o perfil sociodemográfico de residentes no Brasil há menos de 10 anos","Jornal da Unicamp","http://www.unicamp.br/unicamp/ju/675/pais-recebe-30-mil-novos-imigrantes-italianos-entre-2000-e-2015",""
"Edição 675","Livro orienta sobre espécies de eucalipto - Publicação pode servir de guia para produtores e pesquisadores","Jornal da Unicamp","http://www.unicamp.br/unicamp/ju/675/livro-orienta-sobre-especies-de-eucalipto",""
"Edição 675","Jabuti contempla 5 docentes da Universidade - Editora da Unicamp levou dois prêmios, com obras de professores do IFCH","Jornal da Unicamp","http://www.unicamp.br/unicamp/ju/675/jabuti-contempla-5-docentes-da-universidade",""
"Edição 675","O potencial do sorgo na prevenção de doenças crônicas - Experimentos atestam que cereal pode ser eficaz na prevenção do diabetes, da obesidade e do câncer","Jornal da Unicamp","http://www.unicamp.br/unicamp/ju/675/o-potencial-do-sorgo-na-prevencao-de-doencas-cronicas",""
"Edição 675","Documentário resultante de tese da Unicamp disputa indicação ao Oscar - ","Jornal da Unicamp","http://www.unicamp.br/unicamp/ju/675/documentario-resultante-de-tese-da-unicamp-disputa-indicacao-ao-oscar",""
"Edição 675","Estudo investiga presença de elementos tóxicos em alfaces - Química analisa também bioacessibilidade e biodisponibilidade","Jornal da Unicamp","http://www.unicamp.br/unicamp/ju/675/estudo-investiga-presenca-de-elementos-toxicos-em-alfaces",""
"Edição 675","Múltiplas leituras - ","Jornal da Unicamp","http://www.unicamp.br/unicamp/ju/675/multiplas-leituras",""
"Edição 674","Telescópio - ","Jornal da Unicamp","http://www.unicamp.br/unicamp/ju/674/telescopio",""
"Edição 674","Lixo do bem - Estudo aponta que regulação da gestão de resíduos eletroeletrônicos contribui para promover a inovação e a competitividade de empresas","Jornal da Unicamp","http://www.unicamp.br/unicamp/ju/674/lixo-do-bem",""
"Edição 674","Tese analisa impactos de chuvas extremas na RMC - Pesquisadora reuniu dados do período compreendido entre 1970 e 2009","Jornal da Unicamp","http://www.unicamp.br/unicamp/ju/674/tese-analisa-impactos-de-chuvas-extremas-na-rmc",""
"Edição 674","Da floresta para o prato - Pesquisador desenvolve processo de industrialização do tucumã-do-Amazonas para utilização culinária","Jornal da Unicamp","http://www.unicamp.br/unicamp/ju/674/da-floresta-para-o-prato",""
"Edição 674","Riscos e precarização rondam - Autora de dissertação do Instituto de Economia aponta também trabalho análogo ao escravo","Jornal da Unicamp","http://www.unicamp.br/unicamp/ju/674/riscos-e-precarizacao-rondam-trabalhador-da-construcao-civil",""
"Edição 674","Técnica inovadora personaliza - A partir do cultivo de células epiteliais, pesquisadores da Unicamp testam drogas específicas","Jornal da Unicamp","http://www.unicamp.br/unicamp/ju/674/tecnica-inovadora-personaliza-tratamento-de-fibrose-cistica",""
"Edição 674","Quando quem conspira é ‘gente de cor’ - ","Jornal da Unicamp","http://www.unicamp.br/unicamp/ju/674/quando-quem-conspira-e-gente-de-cor",""
"Edição 674","Emoções medem qualidade do café - ","Jornal da Unicamp","http://www.unicamp.br/unicamp/ju/674/emocoes-medem-qualidade-do-cafe",""
"Edição 674","Mazelas ocultas - Estudo demonstra como dados sobre a Região Metropolitana de Campinas são maquiados","Jornal da Unicamp","http://www.unicamp.br/unicamp/ju/674/mazelas-ocultas",""
"Edição 674","Docentes da Unicamp recebem Prêmio Nanocell - ","Jornal da Unicamp","http://www.unicamp.br/unicamp/ju/674/docentes-da-unicamp-recebem-premio-nanocell",""
"Edição 674","O novo Mineirão, do feijão tropeiro à lógica do mercado - Pesquisadora analisa mudanças na configuração urbana de BH depois de reforma do estádio","Jornal da Unicamp","http://www.unicamp.br/unicamp/ju/674/o-novo-mineirao-do-feijao-tropeiro-logica-do-mercado",""
"Edição 674","Renovação abortada - ","Jornal da Unicamp","http://www.unicamp.br/unicamp/ju/674/renovacao-abortada",""
"Edição 673","Telescópio - ","Jornal da Unicamp","http://www.unicamp.br/unicamp/ju/673/telescopio",""
"Edição 673","Cola do bicho-da-seda é usada na remoção de metais tóxicos da água - Proteína derivada do casulo pode ser utilizada em processos de descontaminação","Jornal da Unicamp","http://www.unicamp.br/unicamp/ju/673/cola-do-bicho-da-seda-e-usada-na-remocao-de-metais-toxicos-da-agua",""
"Edição 673","Estudantes com autismo sofrem - Apesar dos dados positivos, exclusão perdura e aumenta à medida que avança a idade de estudantes","Jornal da Unicamp","http://www.unicamp.br/unicamp/ju/673/estudantes-com-autismo-sofrem-menos-preconceito-na-rede-publica",""
"Edição 673","Dupla função contra o câncer - Pesquisadores desenvolvem sistema com propriedades magnéticas e luminescentes com potencial para aplicações biomédicas","Jornal da Unicamp","http://www.unicamp.br/unicamp/ju/673/dupla-funcao-contra-o-cancer",""
"Edição 673","Testes mostram que consumidor aprova - Estudo desenvolvido na FEA avaliou formulação com redução de 50% de cloreto de sódio","Jornal da Unicamp","http://www.unicamp.br/unicamp/ju/673/testes-mostram-que-consumidor-aprova-salsicha-com-baixo-teor-de-sal",""
"Edição 673","Estudo avalia métodos de maturação de carne - Veterinário analisa diferenças físicas, químicas e sensoriais do filé de costela bovina","Jornal da Unicamp","http://www.unicamp.br/unicamp/ju/673/estudo-avalia-metodos-de-maturacao-de-carne",""
"Edição 673","Biomaterial libera óxido nítrico - ","Jornal da Unicamp","http://www.unicamp.br/unicamp/ju/673/biomaterial-libera-oxido-nitrico",""
"Edição 673","Edison Carneiro em seu labirinto - ","Jornal da Unicamp","http://www.unicamp.br/unicamp/ju/673/resenha-edison-carneiro-em-seu-labirinto",""
"Edição 673","Baixa proteção pode comprometer - Floresta é um dos maiores e últimos remanescentes da Região Metropolitana de São Paulo","Jornal da Unicamp","http://www.unicamp.br/unicamp/ju/673/baixa-protecao-pode-comprometer-reserva-de-morro-grande",""
"Edição 673","Destaque do Portal - Cinda discute papel da Internacionalização - ","Jornal da Unicamp","http://www.unicamp.br/unicamp/ju/673/destaque-do-portal-cinda-discute-papel-da-internacionalizacao",""
"Edição 673","Brasil deixa o mapa da fome, mas requer ações sobre segurança alimentar - ","Jornal da Unicamp","http://www.unicamp.br/unicamp/ju/673/brasil-deixa-o-mapa-da-fome-mas-requer-acoes-sobre-seguranca-alimentar",""
"Edição 673","O conforto térmico da segunda pele - ","Jornal da Unicamp","http://www.unicamp.br/unicamp/ju/673/o-conforto-termico-da-segunda-pele",""
"Edição 672","50 anos contribuindo com o Brasil - Indicadores mostram retorno dado pela Unicamp nas últimas cinco décadas","Jornal da Unicamp","http://www.unicamp.br/unicamp/ju/672/50-anos-contribuindo-com-o-brasil",""
"Edição 672","Ex-reitores avaliam contribuição da Unicamp à sociedade - ","Jornal da Unicamp","http://www.unicamp.br/unicamp/ju/672/ex-reitores-avaliam-contribuicao-da-unicamp-sociedade",""
"Edição 672","Um projeto orgânico e coeso - ","Jornal da Unicamp","http://www.unicamp.br/unicamp/ju/672/um-projeto-organico-e-coeso",""
"Edição 672","Do transplante de medula óssea à milésima patente - ","Jornal da Unicamp","http://www.unicamp.br/unicamp/ju/672/do-transplante-de-medula-ossea-milesima-patente",""
"Edição 672","50 anos em uma noite - Sessão do Consu teve a presença de integrantes de todos os segmentos da Universidade","Jornal da Unicamp","http://www.unicamp.br/unicamp/ju/672/50-anos-em-uma-noite",""
"Edição 672","Vida Acadêmica - ","Jornal da Unicamp","http://www.unicamp.br/unicamp/ju/672/vida-academica",""
"Edição 672","Telescópio - ","Jornal da Unicamp","http://www.unicamp.br/unicamp/ju/672/telescopio",""
"Edição 672","Congresso de Iniciação Científica da - 24ª edição do evento será realizada de 19 a 21 deste mês no Centro de Convenções","Jornal da Unicamp","http://www.unicamp.br/unicamp/ju/672/congresso-de-iniciacao-cientifica-da-unicamp-vai-reunir-17-mil-trabalhos",""
"Edição 672","Unicamp ganha 7 prêmios Capes - Outras quatro teses foram contempladas com menção honrosa entre os melhores trabalhos de 2015","Jornal da Unicamp","http://www.unicamp.br/unicamp/ju/672/unicamp-ganha-7-premios-capes",""
"Edição 672","Luz na usina de ideias - Exposição reúne obras de Antoninho Perri e Antonio Scarpinetti, fotógrafos da Assessoria de Comunicação da Unicamp","Jornal da Unicamp","http://www.unicamp.br/unicamp/ju/672/luz-na-usina-de-ideias",""
"Edição 671","Telescópio - ","Jornal da Unicamp","http://www.unicamp.br/unicamp/ju/671/telescopio",""
"Edição 671","Desamparados e envenenados - Estudo da FCA mostra que saúde do agricultor exposto a agrotóxicos é sempre relegada a segundo plano","Jornal da Unicamp","http://www.unicamp.br/unicamp/ju/671/desamparados-e-envenenados",""
"Edição 671","Interação possível - Estudo do IFGW traz novas contribuições para o entendimento da interface cérebro-computador","Jornal da Unicamp","http://www.unicamp.br/unicamp/ju/671/interacao-possivel",""
"Edição 671","Grupo desenvolve resina antimicrobiana - Material aumenta a resistência a ataques de bactérias responsáveis pela formação de cáries","Jornal da Unicamp","http://www.unicamp.br/unicamp/ju/671/grupo-desenvolve-resina-antimicrobiana",""
"Edição 671","Simtec promove encontro histórico entre reitores - Seis dirigentes de diferentes períodos falaram sobre memórias e trajetórias profissionais na abertura do Simpósio","Jornal da Unicamp","http://www.unicamp.br/unicamp/ju/671/simtec-promove-encontro-historico-entre-reitores",""
"Edição 671","Karnal e o espaço da utopia - ","Jornal da Unicamp","http://www.unicamp.br/unicamp/ju/671/karnal-e-o-espaco-da-utopia",""
"Edição 671","Livro do Instituto de Economia - Professor foi um dos fundadores do IE e presidente mais longevo do BNDES, dirigido por ele entre 2007 e 2016","Jornal da Unicamp","http://www.unicamp.br/unicamp/ju/671/livro-do-instituto-de-economia-homenageia-luciano-coutinho",""
"Edição 671","Ciência com fronteiras - Pesquisadora analisa sentidos do discurso oficial sobre programa de internacionalização do governo federal","Jornal da Unicamp","http://www.unicamp.br/unicamp/ju/671/ciencia-com-fronteiras",""
"Edição 671","A trajetória de Sílvia Brandalise, no Centro - ","Jornal da Unicamp","http://www.unicamp.br/unicamp/ju/671/trajetoria-de-silvia-brandalise-no-centro-infantil-boldrini-e-na-unicamp",""
"Edição 671","Sinal verde para a arquitetura cognitiva - Semáforos podem ser controlados com consciência de máquina em rede urbana","Jornal da Unicamp","http://www.unicamp.br/unicamp/ju/671/sinal-verde-para-arquitetura-cognitiva",""
"Edição 671","Sob o crivo do leitor ciumento - Estudo analisa adaptações de Dom Casmurro para a televisão e história em quadrinhos","Jornal da Unicamp","http://www.unicamp.br/unicamp/ju/671/sob-o-crivo-do-leitor-ciumento",""
"Edição 670","Telescópio - ","Jornal da Unicamp","http://www.unicamp.br/unicamp/ju/670/telescopio",""
"Edição 670","Tese associa má alimentação e - Pesquisa cita estudos que constataram um aumento de 15% a 22% no consumo calórico das pessoas que dormem pouco","Jornal da Unicamp","http://www.unicamp.br/unicamp/ju/670/tese-associa-ma-alimentacao-e-falta-de-sol-e-sono-ao-diabetes",""
"Edição 670","As enzimas e a ‘química verde’ - Pesquisador promoveu triagem em coleção de fungos isolados de pele humana","Jornal da Unicamp","http://www.unicamp.br/unicamp/ju/670/enzimas-e-quimica-verde",""
"Edição 670","A sociedade, os governos e - ","Jornal da Unicamp","http://www.unicamp.br/unicamp/ju/670/sociedade-os-governos-e-politicas-climaticas-no-brasil",""
"Edição 670","Para linguista, ler Saussure - Especialista italiano participou de evento comemorativo do centenário do “Curso de Linguística Geral”, livro fundador da linguística moderna","Jornal da Unicamp","http://www.unicamp.br/unicamp/ju/670/para-linguista-ler-saussure-e-escapar-do-circulo-da-crise",""
"Edição 670","Precarização atinge força de - Pesquisa de economista aponta supressão de direitos trabalhistas e lógica flexível e privatista na instituição","Jornal da Unicamp","http://www.unicamp.br/unicamp/ju/670/precarizacao-atinge-forca-de-trabalho-do-ibge-revela-estudo",""
"Edição 670","Entre a vilania e a mediação - Dissertação analisa as razões que fazem dos árbitros de futebol vítimas da violência","Jornal da Unicamp","http://www.unicamp.br/unicamp/ju/670/entre-vilania-e-mediacao",""
"Edição 670","Exergames, das salas  de aula ao atletismo - Estudo demonstra que jogos eletrônicos podem auxiliar professores como ferramenta didática","Jornal da Unicamp","http://www.unicamp.br/unicamp/ju/670/exergames-das-salas-de-aula-ao-atletismo",""
"Edição 670","Eventos futuros - ","Jornal da Unicamp","http://www.unicamp.br/unicamp/ju/670/eventos-futuros",""
"Edição 670","Vestibular: sobe o número de - ","Jornal da Unicamp","http://www.unicamp.br/unicamp/ju/670/vestibular-sobe-o-numero-de-inscritos-de-escolas-publicas",""
"Edição 670","Ensino superior em países de língua - Organizado pela Associação Forges em parceria com a Unicamp, evento ocorre em novembro","Jornal da Unicamp","http://www.unicamp.br/unicamp/ju/670/ensino-superior-em-paises-de-lingua-portuguesa-e-tema-de-forum-internacional",""
"Edição 670","Linchamento virtual, violência real - ","Jornal da Unicamp","http://www.unicamp.br/unicamp/ju/670/linchamento-virtual-violencia-real",""
"Edição 669","Telescópio - ","Jornal da Unicamp","http://www.unicamp.br/unicamp/ju/669/telescopio",""
"Edição 669","Unicamp produz células solares de perovskita - Resultado é obtido pela primeira vez no país; material é alternativa mais barata ao silício","Jornal da Unicamp","http://www.unicamp.br/unicamp/ju/669/unicamp-produz-celulas-solares-de-perovskita",""
"Edição 669","Pesquisa revela que fumantes são - Pesquisadores avaliaram dados de 4.580 participantes com idade média de 75,7 anos, de quatro comunidades dos Estados Unidos","Jornal da Unicamp","http://www.unicamp.br/unicamp/ju/669/pesquisa-revela-que-fumantes-sao-passiveisde-alteracoes-que-podem-desencadear-insuficiencia",""
"Edição 669","A autossegregação da elite - Pesquisa de demógrafa revela a dinâmica urbana de Campinas","Jornal da Unicamp","http://www.unicamp.br/unicamp/ju/669/autossegregacao-da-elite",""
"Edição 669","Na fronteira do extinto, - Pesquisa expõe a luta do povo kokama, que vive no Brasil, Peru e Colômbia, pelo reconhecimento étnico e territorial","Jornal da Unicamp","http://www.unicamp.br/unicamp/ju/669/na-fronteira-do-extinto-do-miscigenado-e-do-aculturado",""
"Edição 669","A infância não é virtual - Pesquisa alerta para a importância da criança interagir com o mundo real","Jornal da Unicamp","http://www.unicamp.br/unicamp/ju/669/infancia-nao-e-virtual",""
"Edição 669","Conquistas com obstáculos - Tese promove resgate das origens do esporte paralímpico brasileiro, cujo início foi marcado pela total falta de apoio aos atletas","Jornal da Unicamp","http://www.unicamp.br/unicamp/ju/669/conquistas-com-obstaculos",""
"Edição 669","UPA: 40 mil jovens têm dia especial - ","Jornal da Unicamp","http://www.unicamp.br/unicamp/ju/669/upa-40-mil-jovens-tem-dia-especial",""
"Edição 669","Quando todos são alvos - Piracicaba registra infestação de dengue em diferentes regiões da cidade, independentemente de classe social","Jornal da Unicamp","http://www.unicamp.br/unicamp/ju/669/quando-todos-sao-alvos",""
"Edição 669","A escrita de si no lugar da arte e da memória - ","Jornal da Unicamp","http://www.unicamp.br/unicamp/ju/669/escrita-de-si-no-lugar-da-arte-e-da-memoria",""
"Edição 668","Telescópio - ","Jornal da Unicamp","http://www.unicamp.br/unicamp/ju/668/telescopio",""
"Edição 668","Na medida exata - Metodologia rápida, barata e inovadora quantifica princípios ativos em medicamentos","Jornal da Unicamp","http://www.unicamp.br/unicamp/ju/668/na-medida-exata",""
"Edição 668","Os semelhantes se atraem - Estudo do IC constata que usuários do Twitter se conectam majoritariamente com pessoas similares a eles","Jornal da Unicamp","http://www.unicamp.br/unicamp/ju/668/os-semelhantes-se-atraem",""
"Edição 668","Envelhecimento altera fluxo - Pesquisa demonstra que uma das consequências é a limitação da contração do miocárdio","Jornal da Unicamp","http://www.unicamp.br/unicamp/ju/668/envelhecimento-altera-fluxo-de-calcio-no-coracao-revela-estudo",""
"Edição 668","Filmes revelam resistência - Trilogia mostra a importância de códigos e manifestações populares para a formação da cidade","Jornal da Unicamp","http://www.unicamp.br/unicamp/ju/668/filmes-revelam-resistencia-da-cultura-negra-em-campinas",""
"Edição 668","Identidades, territórios e afetos - ","Jornal da Unicamp","http://www.unicamp.br/unicamp/ju/668/identidades-territorios-e-afetos",""
"Edição 668","Uma lógica para o próximo século - ","Jornal da Unicamp","http://www.unicamp.br/unicamp/ju/668/uma-logica-para-o-proximo-seculo",""
"Edição 668","Ferramentas sofisticadas para os químicos - ","Jornal da Unicamp","http://www.unicamp.br/unicamp/ju/668/ferramentas-sofisticadas-para-os-quimicos",""
"Edição 668","A hora dos biofungicidas - Pesquisa contribui para o combate biológico a patógenos agrícolas","Jornal da Unicamp","http://www.unicamp.br/unicamp/ju/668/hora-dos-biofungicidas",""
"Edição 668","Unicamp sobe em ranking QS - Universidade ocupa a 191ª posição entre as mais de 900 instituições avaliadas","Jornal da Unicamp","http://www.unicamp.br/unicamp/ju/668/unicamp-sobe-em-ranking-qs",""
"Edição 668","Pesquisa da FOP sugere epigenoma pré-neoplásico - Estudo desenvolvido em Piracicaba foi publicado na revista Oncotarget","Jornal da Unicamp","http://www.unicamp.br/unicamp/ju/668/pesquisa-da-fop-sugere-epigenoma-pre-neoplasico-relacionado-periodontite-cronica",""
"Edição 668","Por dentro da Bienal de São Paulo - ","Jornal da Unicamp","http://www.unicamp.br/unicamp/ju/668/por-dentro-da-bienal-de-sao-paulo",""
"Edição 667","Nuvem recebe R$ 8,4 mi da Finep - Recursos permitirão aquisição de equipamentos, mais que dobrando capacidade instalada no CCUEC","Jornal da Unicamp","http://www.unicamp.br/unicamp/ju/667/nuvem-recebe-r-84-mi-da-finep",""
"Edição 667","Em escala maior - Pesquisadora sintetiza, caracteriza e processa polímeros biorreabsorvíveis implantados em vítimas de acidentes","Jornal da Unicamp","http://www.unicamp.br/unicamp/ju/667/em-escala-maior",""
"Edição 667","Estudo associa dor crônica à - Pesquisa identificou mecanismos neurofisiológicos comuns em experimentos feitos com animais","Jornal da Unicamp","http://www.unicamp.br/unicamp/ju/667/estudo-associa-dor-cronica-depressao-e-ao-estresse-social",""
"Edição 667","Tese propõe mudanças na classificação de águas - Economista analisou o arranjo institucional que rege o aproveitamento comercial do produto","Jornal da Unicamp","http://www.unicamp.br/unicamp/ju/667/tese-propoe-mudancas-na-classificacao-de-aguas",""
"Edição 667","Um mitômano nos primórdios do cinema brasileiro - Pesquisa revela a trajetória de Eugênio Maria Piglione Rossiglione de Farnet, cujo nome artístico era E.C. Kerrigan, estelionatário realizador de filmes mudos","Jornal da Unicamp","http://www.unicamp.br/unicamp/ju/667/um-mitomano-nos-primordios-do-cinema-brasileiro",""
"Edição 667","Por um diagnóstico mais seguro - Pesquisa avalia se bactéria pode causar doenças a partir da transfusão de sangue infectado","Jornal da Unicamp","http://www.unicamp.br/unicamp/ju/667/por-um-diagnostico-mais-seguro",""
"Edição 667","Tese atesta poder antioxidante - Pesquisadora conclui que alimento pode contribuir na prevenção e no controle de desordens metabólicas","Jornal da Unicamp","http://www.unicamp.br/unicamp/ju/667/tese-atesta-poder-antioxidante-do-oleo-e-da-semente-de-chia",""
"Edição 667","A alternativa biocêntrica é discutida - Mesas-redondas reúnem intelectuais no âmbito série Perspectivas Unicamp 50 Anos","Jornal da Unicamp","http://www.unicamp.br/unicamp/ju/667/alternativa-biocentrica-e-discutida-por-especialistas-do-brasil-e-exterior",""
"Edição 667","Do quadril ao salto - ","Jornal da Unicamp","http://www.unicamp.br/unicamp/ju/667/do-quadril-ao-salto",""
"Edição 666","Criada a Rades: Rede de Apoio - Professores da Unesp e da Unicamp finalizam regimento e discutem primeiras ações","Jornal da Unicamp","http://www.unicamp.br/unicamp/ju/666/criada-rades-rede-de-apoio-docencia-no-ensino-superior",""
"Edição 666","Estudo usa nanoemulsão para carrear ciclosporina - Objetivo é promover a entrega precisa e controlada do fármaco usado no tratamento de transplantados","Jornal da Unicamp","http://www.unicamp.br/unicamp/ju/666/estudo-usa-nanoemulsao-para-carrear-ciclosporina",""
"Edição 666","Elevação do nível dos mares - Cientistas avaliam impacto de perdas de áreas costeiras para a sobrevivência de sapos, rãs e pererecas","Jornal da Unicamp","http://www.unicamp.br/unicamp/ju/666/elevacao-do-nivel-dos-mares-e-ameaca-para-grupo-de-anfibios",""
"Edição 666","Associativismo ginástico marca gênese - Tese mostra como imigração alemã no Sul e Sudeste foram importantes para a difusão do esporte","Jornal da Unicamp","http://www.unicamp.br/unicamp/ju/666/associativismo-ginastico-marca-genese-da-educacao-fisica-no-pais",""
"Edição 666","Da língua do quilombo ao samba - Editora da Unicamp ingressa no mercado de e-Pubs com obras sobre o Cafundó, comunidade de afrodescendentes em SP, e o cotidiano de compositores do Rio entre 1890 e 1930","Jornal da Unicamp","http://www.unicamp.br/unicamp/ju/666/da-lingua-do-quilombo-ao-samba-carioca-para-ler-ouvir-e-interagir",""
"Edição 666","Agulhas contra o Parkinson - Fisioterapeuta testa o emprego de técnicas da craniopuntura em pacientes com a doença","Jornal da Unicamp","http://www.unicamp.br/unicamp/ju/666/agulhas-contra-o-parkinson",""
"Edição 666","Diálogos entre diferentes - Estudo aborda processos de (re)negociação cultural em colônia de holandeses no Paraná","Jornal da Unicamp","http://www.unicamp.br/unicamp/ju/666/dialogos-entre-diferentes",""
"Edição 666","Eventos futuros - ","Jornal da Unicamp","http://www.unicamp.br/unicamp/ju/666/eventos-futuros",""
"Edição 666","A água no centro do debate - ","Jornal da Unicamp","http://www.unicamp.br/unicamp/ju/666/agua-no-centro-do-debate",""
"Edição 666","Mapeamento socioambiental - Levantamento vai subsidiar formulação do Plano Diretor da Unicamp","Jornal da Unicamp","http://www.unicamp.br/unicamp/ju/666/mapeamento-socioambiental-revela-primeiros-resultados",""
"Edição 666","A fauna que poucos veem no campus - Alunos e ex-alunos do IB produzem documentário sobre animais que vivem na Universidade","Jornal da Unicamp","http://www.unicamp.br/unicamp/ju/666/fauna-que-poucos-veem-no-campus",""
"Edição 666","Vertendo a mestiçagem - ","Jornal da Unicamp","http://www.unicamp.br/unicamp/ju/666/vertendo-mesticagem",""
"Edição 665","A saúde e o saneamento frente - Situação do SUS é debatida em evento da série “Balanço das Políticas Sociais no Brasil”","Jornal da Unicamp","http://www.unicamp.br/unicamp/ju/665/saude-e-o-saneamento-frente-ao-anuncio-de-corte-de-gastos",""
"Edição 665","Comparando desastres naturais na - Pesquisa do Instituto de Geociências faz análise de episódios entre 1970 e 2009","Jornal da Unicamp","http://www.unicamp.br/unicamp/ju/665/comparando-desastres-naturais-na-africa-e-na-america-do-sul",""
"Edição 665","Mucoadesivo libera fármacos - Membranas de nanofibras de alta adesão são aplicadas diretamente no local da infecção","Jornal da Unicamp","http://www.unicamp.br/unicamp/ju/665/mucoadesivo-libera-farmacos-para-tratamento-odontologico",""
"Edição 665","Penumbra torna o parto mais - Estudo revela também que parturiente sente raiva na hora da concepção","Jornal da Unicamp","http://www.unicamp.br/unicamp/ju/665/penumbra-torna-o-parto-mais-tranquilo-demonstra-pesquisa",""
"Edição 665","Economista detalha desmonte - Pesquisador elenca fatores que contribuíram para a desindustrialização paulista e seus reflexos na economia do país","Jornal da Unicamp","http://www.unicamp.br/unicamp/ju/665/economista-detalha-desmonte-da-industria-nos-ultimos-30-anos",""
"Edição 665","Tese expõe problemas fundiários do Acre - Estudo do Instituto de Economia propõe melhor governança de terras","Jornal da Unicamp","http://www.unicamp.br/unicamp/ju/665/tese-expoe-problemas-fundiarios-do-acre",""
"Edição 665","Fronteiras do preconceito - Tese mostra como representações das línguas faladas no Paraguai e no Brasil podem alimentar estereótipos e interferir na construção da identidade","Jornal da Unicamp","http://www.unicamp.br/unicamp/ju/665/fronteiras-do-preconceito",""
"Edição 665","Vestibular amplia conteúdo - ","Jornal da Unicamp","http://www.unicamp.br/unicamp/ju/665/vestibular-amplia-conteudo",""
"Edição 665","Microgéis na ‘receita’ - Pesquisadora testa técnicas de microencapsulação de probióticos e prebióticos para alimentos funcionais","Jornal da Unicamp","http://www.unicamp.br/unicamp/ju/665/microgeis-na-receita",""
"Edição 665","De grão em grão - ","Jornal da Unicamp","http://www.unicamp.br/unicamp/ju/665/de-grao-em-grao",""
"Edição 664","Telescópio - ","Jornal da Unicamp","http://www.unicamp.br/unicamp/ju/664/telescopio",""
"Edição 664","Pesquisa analisa gestão de - Pesquisadora estudou experiências bem-sucedidas em 7 instituições brasileiras e em 9 do exterior","Jornal da Unicamp","http://www.unicamp.br/unicamp/ju/664/pesquisa-analisa-gestao-de-inovacao-em-universidades",""
"Edição 664","Método explora relação entre fluxo - Pesquisa do Instituto de Física associa a espectroscopia óptica ao eletroencefalograma","Jornal da Unicamp","http://www.unicamp.br/unicamp/ju/664/metodo-explora-relacao-entre-fluxo-sanguineo-e-atividade-cerebral",""
"Edição 664","Pesquisa utiliza satélite para - Metodologia é proposta em artigo originado de tese de doutorado ainda em desenvolvimento no IG","Jornal da Unicamp","http://www.unicamp.br/unicamp/ju/664/pesquisa-utiliza-satelite-para-detectar-petroleo-na-superficie",""
"Edição 664","Cartografia de maravilhas - Dissertação aborda a representação do maravilhoso no imaginário medieval e renascentista","Jornal da Unicamp","http://www.unicamp.br/unicamp/ju/664/cartografia-de-maravilhas",""
"Edição 664","Enfermeira desenvolve protocolo - Estudo desenvolvido no HC resultou em validação e dissertação de mestrado","Jornal da Unicamp","http://www.unicamp.br/unicamp/ju/664/enfermeira-desenvolve-protocolo-para-reutilizacao-de-cateteres",""
"Edição 664","Ação humana afeta mamíferos do Japi - Pesquisa aponta menor presença de espécies em determinadas áreas","Jornal da Unicamp","http://www.unicamp.br/unicamp/ju/664/acao-humana-afeta-mamiferos-do-japi",""
"Edição 664","O enigma do vampiro - ","Jornal da Unicamp","http://www.unicamp.br/unicamp/ju/664/o-enigma-do-vampiro",""
"Edição 664","Método determina idade cronológica - Avaliação é feita a partir dos índices de maturação dos terceiros molares","Jornal da Unicamp","http://www.unicamp.br/unicamp/ju/664/metodo-determina-idade-cronologica-de-jovens-e-adolescentes",""
"Edição 664","Não me tens de regresso - ","Jornal da Unicamp","http://www.unicamp.br/unicamp/ju/664/nao-me-tens-de-regresso",""
"Edição 663","Telescópio - ","Jornal da Unicamp","http://www.unicamp.br/unicamp/ju/663/telescopio",""
"Edição 663","Nanopartículas de sílica fazem medicamento agir apenas em célula de câncer - Grupo de cientistas testa tecnologia que poupa tecidos saudáveis","Jornal da Unicamp","http://www.unicamp.br/unicamp/ju/663/nanoparticulas-de-silica-fazem-medicamento-agir-apenas-em-celula-de-cancer",""
"Edição 663","Estudo sugere túnel submerso para travessia Santos-Guarujá - Engenheiro adota “metodologia de auxílio multicritério à decisão” para fundamentar dissertação","Jornal da Unicamp","http://www.unicamp.br/unicamp/ju/663/estudo-sugere-tunel-submerso-para-travessia-santos-guaruja",""
"Edição 663","A montanha-russa da taxa cambial - Livro explica razões de a moeda brasileira ser uma das mais vulneráveis do sistema internacional","Jornal da Unicamp","http://www.unicamp.br/unicamp/ju/663/montanha-russa-da-taxa-cambial",""
"Edição 663","Pesquisa analisa condições dos CTs olímpicos - Dissertação demonstra que, de nove centros, apenas um pode ser enquadrado nos padrões dos centros de excelência internacional","Jornal da Unicamp","http://www.unicamp.br/unicamp/ju/663/pesquisa-analisa-condicoes-dos-cts-olimpicos",""
"Edição 663","Um por todos - Cadastro Único para programas sociais é analisado em dissertação","Jornal da Unicamp","http://www.unicamp.br/unicamp/ju/663/um-por-todos",""
"Edição 663","Civilização e barbárie marcam discursos sobre a alfabetização - Livro aborda as relações entre língua, sujeito e história no Brasil","Jornal da Unicamp","http://www.unicamp.br/unicamp/ju/663/civilizacao-e-barbarie-marcam-discursos-sobre-alfabetizacao",""
"Edição 663","Vestibular abre inscrições dia 8 - Pagamento da taxa de inscrição poderá ser feito até o dia 2 de setembro","Jornal da Unicamp","http://www.unicamp.br/unicamp/ju/663/vestibular-abre-inscricoes-dia-8",""
"Edição 663","Tese analisa viabilidade de energia solar flutuante - Estudo avalia prós e contras de instalação de painéis em represas de usinas hidrelétricas","Jornal da Unicamp","http://www.unicamp.br/unicamp/ju/663/tese-analisa-viabilidade-de-energia-solar-flutuante",""
"Edição 663","Trilha própria (e inovadora) - ","Jornal da Unicamp","http://www.unicamp.br/unicamp/ju/663/trilha-propria-e-inovadora",""
"Edição 662","Telescópio - ","Jornal da Unicamp","http://www.unicamp.br/unicamp/ju/662/telescopio",""
"Edição 662","Jornal da Unicamp migra para a plataforma digital - Prestes a completar 30 anos, o JU passará a ser publicado exclusivamente na versão on-line a partir de 1º de agosto","Jornal da Unicamp","http://www.unicamp.br/unicamp/ju/662/jornal-da-unicamp-migra-para-plataforma-digital",""
"Edição 662","Mais rápidos e sensíveis - Pesquisador desenvolve biossensores para o diagnóstico da leishmaniose visceral","Jornal da Unicamp","http://www.unicamp.br/unicamp/ju/662/mais-rapidos-e-sensiveis",""
"Edição 662","Entre sonhos soterrados, - ","Jornal da Unicamp","http://www.unicamp.br/unicamp/ju/662/entre-sonhos-soterrados-dor-impasse-e-estagnacao",""
"Edição 662","‘A LAMA veio arrebentando tudo’ - ","Jornal da Unicamp","http://www.unicamp.br/unicamp/ju/662/lama-veio-arrebentando-tudo",""
"Edição 662","Na SIRENE, o chamado coletivo - ","Jornal da Unicamp","http://www.unicamp.br/unicamp/ju/662/na-sirene-o-chamado-coletivo",""
"Edição 662","O DESASTRE (sempre) está em curso - ","Jornal da Unicamp","http://www.unicamp.br/unicamp/ju/662/o-desastre-sempre-esta-em-curso",""
"Edição 662","Da COMOÇÃO ao esquecimento - ","Jornal da Unicamp","http://www.unicamp.br/unicamp/ju/662/da-comocao-ao-esquecimento",""
"Edição 662","Barreiras intransponíveis - Dissertação mostra como é difícil a inserção de pessoas com deficiência no mercado de trabalho","Jornal da Unicamp","http://www.unicamp.br/unicamp/ju/662/barreiras-intransponiveis",""
"Edição 662","Inventário inédito - ","Jornal da Unicamp","http://www.unicamp.br/unicamp/ju/662/inventario-inedito",""
"Edição 661","Telescópio - ","Jornal da Unicamp","http://www.unicamp.br/unicamp/ju/661/telescopio",""
"Edição 661","Grupo desvenda interação entre - Pesquisa do IFGW, que gerou artigo publicado na Nature Communications, traz novas contribuições para a compreensão do fenômeno","Jornal da Unicamp","http://www.unicamp.br/unicamp/ju/661/grupo-desvenda-interacao-entre-luz-e-vibracoes-mecanicas",""
"Edição 661","Estudo projeta impacto das - Cenário mais pessimista prevê 45 cm de elevação do nível do mar até 2100","Jornal da Unicamp","http://www.unicamp.br/unicamp/ju/661/estudo-projeta-impacto-das-mudancas-climaticas-em-santos",""
"Edição 661","Pesquisa mensura emissão de - ","Jornal da Unicamp","http://www.unicamp.br/unicamp/ju/661/pesquisa-mensura-emissao-de-gases-em-plataformas-no-mar",""
"Edição 661","Unicamp incrementa estímulo à pesquisa - ","Jornal da Unicamp","http://www.unicamp.br/unicamp/ju/661/unicamp-incrementa-estimulo-pesquisa",""
"Edição 661","Estudo identifica causas de perda dentária em adultos - Procura tardia pelo serviço odontológico está entre os motivos","Jornal da Unicamp","http://www.unicamp.br/unicamp/ju/661/estudo-identifica-causas-de-perda-dentaria-em-adultos",""
"Edição 661","Múltiplas faces de uma Justiça - ","Jornal da Unicamp","http://www.unicamp.br/unicamp/ju/661/multiplas-faces-de-uma-justica",""
"Edição 661","Efeito dominó - Tese mostra a importância da Petrobras para a indústria do país; para autor, Lava Jato deve impactar toda a cadeia produtiva","Jornal da Unicamp","http://www.unicamp.br/unicamp/ju/661/efeito-domino",""
"Edição 661","Eventos futuros - ","Jornal da Unicamp","http://www.unicamp.br/unicamp/ju/661/eventos-futuros",""
"Edição 661","‘Arte, Ciência e Cultura’ em - ","Jornal da Unicamp","http://www.unicamp.br/unicamp/ju/661/arte-ciencia-e-cultura-em-perspectivas-unicamp-50-anos",""
"Edição 661","Em busca da batata - Redução de substância nociva ocorre depois de tubérculo in natura ser tratado com enzima","Jornal da Unicamp","http://www.unicamp.br/unicamp/ju/661/em-busca-da-batata-frita-mais-saudavel",""
"Edição 661","Da ficção ao real - ","Jornal da Unicamp","http://www.unicamp.br/unicamp/ju/661/da-ficcao-ao-real",""
"Edição 660","Telescópio - ","Jornal da Unicamp","http://www.unicamp.br/unicamp/ju/660/telescopio",""
"Edição 660","Caçadores de fraudes - Pesquisa na área da computação forense sugere conjunto de passos para identificar documentos digitais falsificados","Jornal da Unicamp","http://www.unicamp.br/unicamp/ju/660/cacadores-de-fraudes",""
"Edição 660","Pesquisa determina impacto - Trabalho também avaliou como as condições das estradas interferem na suspensão de ônibus e caminhões","Jornal da Unicamp","http://www.unicamp.br/unicamp/ju/660/pesquisa-determina-impacto-de-veiculos-pesados-em-rodovias",""
"Edição 660","Estudo investiga conexões - Métricas baseadas na teoria de grafos fundamentam tese defendida no IFGW","Jornal da Unicamp","http://www.unicamp.br/unicamp/ju/660/estudo-investiga-conexoes-na-ressonancia-magnetica",""
"Edição 660","Trabalho etnográfico detalha relações - Antropólogo chegou a morar seis meses em comunidade amazônica para desenvolver tese","Jornal da Unicamp","http://www.unicamp.br/unicamp/ju/660/trabalho-etnografico-detalha-relacoes-de-troca-em-reserva-extrativista-no-acre",""
"Edição 660","Lodo e resíduos do arroz são a - Produção de aglomerante demanda pouca energia e libera menos CO2 na atmosfera","Jornal da Unicamp","http://www.unicamp.br/unicamp/ju/660/lodo-e-residuos-do-arroz-sao-base-de-alternativa-ao-cimento",""
"Edição 660","Estudo avalia perda auditiva - Dissertação contemplou exames audiométricos de 1.254 trabalhadores","Jornal da Unicamp","http://www.unicamp.br/unicamp/ju/660/estudo-avalia-perda-auditiva-em-5-categorias-profissionais",""
"Edição 660","Livro aborda papel da agricultura no país - Obra lançada em seminário no IE reúne estudos sobre inovação e propriedade intelectual","Jornal da Unicamp","http://www.unicamp.br/unicamp/ju/660/livro-aborda-papel-da-agricultura-no-pais",""
"Edição 660","Técnica corrige desvio postural - Problema é causado por alteração óssea do calcanhar; testes foram feitos com militares","Jornal da Unicamp","http://www.unicamp.br/unicamp/ju/660/tecnica-corrige-desvio-postural",""
"Edição 660","Aqui e agora, entre o cômico, - ","Jornal da Unicamp","http://www.unicamp.br/unicamp/ju/660/aqui-e-agora-entre-o-comico-o-onirico-e-eternidade",""
"Edição 659","Telescópio - ","Jornal da Unicamp","http://www.unicamp.br/unicamp/ju/659/telescopio",""
"Edição 659","Quadro a quadro - Lacuna semântica em segmentação de imagens é objeto de estudo no Instituto de Computação","Jornal da Unicamp","http://www.unicamp.br/unicamp/ju/659/quadro-quadro",""
"Edição 659","Judicialização da saúde expõe - Estudo mostra que usuários nem sempre obtêm êxito quando lutam por seus direitos","Jornal da Unicamp","http://www.unicamp.br/unicamp/ju/659/judicializacao-da-saude-expoe-divergencias-entre-instancias",""
"Edição 659","Voos impulsionados pela ciência - Pesquisas da FT com drones abrem novas possibilidades para o uso dos equipamentos","Jornal da Unicamp","http://www.unicamp.br/unicamp/ju/659/voos-impulsionados-pela-ciencia",""
"Edição 659","Conjuntos documentais de história - Arquivo Edgard Leuenroth, o maior do gênero da América Latina, incorporou recentemente 11 coleções, entre as quais a do Centro Pastoral Vergueiro","Jornal da Unicamp","http://www.unicamp.br/unicamp/ju/659/conjuntos-documentais-de-historia-social-ampliam-acervo-do-ael",""
"Edição 659","Pistas na folha de eucalipto - Pesquisa investiga ação do fluoreto no meio ambiente na produção de alumínio","Jornal da Unicamp","http://www.unicamp.br/unicamp/ju/659/pistas-na-folha-de-eucalipto",""
"Edição 659","Modelo prevê e controla temperatura de aviários - Ganhos são bem-estar animal, produtividade, economia de energia e menor desgaste de equipamentos","Jornal da Unicamp","http://www.unicamp.br/unicamp/ju/659/modelo-preve-e-controla-temperatura-de-aviarios",""
"Edição 659","Eventos futuros - ","Jornal da Unicamp","http://www.unicamp.br/unicamp/ju/659/eventos-futuros",""
"Edição 659","Acordo para universidade indígena - ","Jornal da Unicamp","http://www.unicamp.br/unicamp/ju/659/acordo-para-universidade-indigena",""
"Edição 659","Seguro, confortável e funcional - ‘Startup’ da Unicamp cria traje de proteção antimicrobiano e hidrorrepelente para profissionais a área da saúde","Jornal da Unicamp","http://www.unicamp.br/unicamp/ju/659/seguro-confortavel-e-funcional",""
"Edição 659","Na batida da evolução - ","Jornal da Unicamp","http://www.unicamp.br/unicamp/ju/659/na-batida-da-evolucao",""
"Edição 658","Telescópio - ","Jornal da Unicamp","http://www.unicamp.br/unicamp/ju/658/telescopio",""
"Edição 658","Cientistas sequenciam DNA - Pesquisas revelam dados importantes sobre ciclos evolutivo e populacional","Jornal da Unicamp","http://www.unicamp.br/unicamp/ju/658/cientistas-sequenciam-dna-de-grupo-de-insetos",""
"Edição 658","Melhor e mais longevo - Metodologia melhora a qualidade nutricional e prolonga o prazo de validade de alimentos industrializados","Jornal da Unicamp","http://www.unicamp.br/unicamp/ju/658/melhor-e-mais-longevo",""
"Edição 658","Dissertação revisita trajetória de - Estudo faz apanhado da obra de uma das fundadoras do Instituto de Economia da Unicamp","Jornal da Unicamp","http://www.unicamp.br/unicamp/ju/658/dissertacao-revisita-trajetoria-de-maria-da-conceicao-tavares",""
"Edição 658","Pesquisas expõem riscos de transmissão - Projeto sobre biossegurança estuda implicações de contaminações e oferece cursos para profissionais que atuam em salões de Campinas","Jornal da Unicamp","http://www.unicamp.br/unicamp/ju/658/pesquisas-expoem-riscos-de-transmissao-de-doencas-em-servicos-de-beleza",""
"Edição 658","Cabral no presente - ","Jornal da Unicamp","http://www.unicamp.br/unicamp/ju/658/cabral-no-presente",""
"Edição 658","Unicamp premia inventores - Promovido pela Agência de Inovação Inova, Prêmio fomenta proteção e transferência de tecnologia","Jornal da Unicamp","http://www.unicamp.br/unicamp/ju/658/unicamp-premia-inventores",""
"Edição 658","Jogos e brincadeiras subvertem dogmas das escolas - Estudo feito no Prodecad mostra a importância do tempo de recreio","Jornal da Unicamp","http://www.unicamp.br/unicamp/ju/658/jogos-e-brincadeiras-subvertem-dogmas-das-escolas",""
"Edição 658","Eventos futuros - ","Jornal da Unicamp","http://www.unicamp.br/unicamp/ju/658/eventos-futuros",""
"Edição 658","Alunos do Cotuca ganham prêmios - ","Jornal da Unicamp","http://www.unicamp.br/unicamp/ju/658/alunos-do-cotuca-ganham-premios-em-feira-internacional-nos-eua",""
"Edição 658","Estudo investiga disfunções - Psicóloga analisa correlação entre depressão e ansiedade e alterações funcionais","Jornal da Unicamp","http://www.unicamp.br/unicamp/ju/658/estudo-investiga-disfuncoes-em-rede-cerebral-apos-avc",""
"Edição 658","De Dante a Ridley Scott - ","Jornal da Unicamp","http://www.unicamp.br/unicamp/ju/658/de-dante-ridley-scott",""
"Edição 657","Reuni transformou ensino superior, defende pedagoga - Apesar dos avanços, programa não pode ser considerado inovador no âmbito da estruturação curricular","Jornal da Unicamp","http://www.unicamp.br/unicamp/ju/657/reuni-transformou-ensino-superior-defende-pedagoga",""
"Edição 657","Programa ambiental freia - Projeto pioneiro no país conscientiza proprietários, melhora a qualidade da água e ajuda na preservação de matas, constata tese","Jornal da Unicamp","http://www.unicamp.br/unicamp/ju/657/programa-ambiental-freia-exodo-de-produtores-rurais",""
"Edição 657","Estudo analisa discursos - Pesquisa tem como referência modelo econômico adotado pelo país em três diferentes momentos","Jornal da Unicamp","http://www.unicamp.br/unicamp/ju/657/estudo-analisa-discursos-sobre-realidade-cubana",""
"Edição 657","Mercado ergue cidades dispersas - Livro analisa as implicações da mobilidade populacional para o planejamento urbano","Jornal da Unicamp","http://www.unicamp.br/unicamp/ju/657/mercado-ergue-cidades-dispersas",""
"Edição 657","Tese questiona atuação do BNDES na América do Sul - Estudo do IG aponta que foram ignorados interesses de populações locais e movimentos sociais","Jornal da Unicamp","http://www.unicamp.br/unicamp/ju/657/tese-questiona-atuacao-do-bndes-na-america-do-sul",""
"Edição 657","Tese identifica diferenciais de - Estudo de base populacional confirma paradoxos e chega a possíveis causas de discrepâncias","Jornal da Unicamp","http://www.unicamp.br/unicamp/ju/657/tese-identifica-diferenciais-de-saude-entre-mulheres-e-homens",""
"Edição 657","A revolução tecnológica abortada - Fruto de dissertação, livro aborda as tentativas de inovação nas lavouras da cultura","Jornal da Unicamp","http://www.unicamp.br/unicamp/ju/657/revolucao-tecnologica-abortada-da-cafeicultura-brasileira",""
"Edição 657","Professores discutem prova  de redação do vestibular - ","Jornal da Unicamp","http://www.unicamp.br/unicamp/ju/657/professores-discutem-prova-de-redacao-do-vestibular",""
"Edição 657","Qual foi o legado dos projetos - Estudo aponta que planos de desenvolvimento para a região de Itaquera são bons, mas incompletos","Jornal da Unicamp","http://www.unicamp.br/unicamp/ju/657/qual-foi-o-legado-dos-projetos-para-copa-em-sao-paulo",""
"Edição 657","Única e múltipla - ","Jornal da Unicamp","http://www.unicamp.br/unicamp/ju/657/unica-e-multipla",""
"Edição 656","Telescópio - ","Jornal da Unicamp","http://www.unicamp.br/unicamp/ju/656/telescopio",""
"Edição 656","Ciência que sobe ao pódio - Pesquisas da FEF contribuem para o desenvolvimento de modalidades olímpicas e paralímpicas","Jornal da Unicamp","http://www.unicamp.br/unicamp/ju/656/ciencia-que-sobe-ao-podio",""
"Edição 656","Sinais promissores - Estudo abre caminho para terapias de regeneração de danos na retina","Jornal da Unicamp","http://www.unicamp.br/unicamp/ju/656/sinais-promissores",""
"Edição 656","Dez visões sobre o impasse político - ","Jornal da Unicamp","http://www.unicamp.br/unicamp/ju/656/dez-visoes-sobre-o-impasse-politico",""
"Edição 656","‘Os termos, em política, envolvem - ","Jornal da Unicamp","http://www.unicamp.br/unicamp/ju/656/os-termos-em-politica-envolvem-sempre-um-jogo-de-forcas-e-poder",""
"Edição 656","‘É falsa a visão de que haverá uma trégua’ - ","Jornal da Unicamp","http://www.unicamp.br/unicamp/ju/656/e-falsa-visao-de-que-havera-uma-tregua",""
"Edição 656","'Nossa história é de pouco amor à democracia’ - ","Jornal da Unicamp","http://www.unicamp.br/unicamp/ju/656/nossa-historia-e-de-pouco-amor-democracia",""
"Edição 656","Estudo desvenda mimetismo de borboletas - Pesquisa reuniu cientistas da Unicamp, UNB e University of New Orleans","Jornal da Unicamp","http://www.unicamp.br/unicamp/ju/656/estudo-desvenda-mimetismo-de-borboletas",""
"Edição 656","Engenheira cria plataforma - Projeto é voltado a questões de gestão, processos e desempenhos de sistemas cooperativos","Jornal da Unicamp","http://www.unicamp.br/unicamp/ju/656/engenheira-cria-plataforma-para-organizacoes-sociais",""
"Edição 656","À capela - ","Jornal da Unicamp","http://www.unicamp.br/unicamp/ju/656/capela",""
"Edição 655","Telescópio - ","Jornal da Unicamp","http://www.unicamp.br/unicamp/ju/655/telescopio",""
"Edição 655","Nem limpa, nem cirúrgica - Tese aponta que uso de drones pelos EUA contribuiu parabanalizar a violência em guerras nas quais o país está envolvido","Jornal da Unicamp","http://www.unicamp.br/unicamp/ju/655/nem-limpa-nem-cirurgica",""
"Edição 655","Grupo descreve molusco de 2 mm - Bivalve coletado na Bacia de Campos é um dos menores animais carnívoros do mundo","Jornal da Unicamp","http://www.unicamp.br/unicamp/ju/655/grupo-descreve-molusco-de-2-mm",""
"Edição 655","O itinerário da coleção de Maurício de Nassau - ","Jornal da Unicamp","http://www.unicamp.br/unicamp/ju/655/o-itinerario-da-colecao-de-mauricio-de-nassau",""
"Edição 655","Para Romano, acomodação da - Professor da Unicamp critica atuação do STF e prevê cenário político turbulento","Jornal da Unicamp","http://www.unicamp.br/unicamp/ju/655/para-romano-acomodacao-da-esquerda-esta-na-genese-da-crise",""
"Edição 655","‘Não tivemos experiências duradouras - ","Jornal da Unicamp","http://www.unicamp.br/unicamp/ju/655/nao-tivemos-experiencias-duradouras-de-ordem-democratica",""
"Edição 655","Tese revela conquistas das - Políticas públicas tiveram impacto positivo na categoria","Jornal da Unicamp","http://www.unicamp.br/unicamp/ju/655/tese-revela-conquistas-das-domesticas-nos-anos-2000",""
"Edição 655","Grupo lança curso de português - Coursera será usado como plataforma por pesquisadores do IEL","Jornal da Unicamp","http://www.unicamp.br/unicamp/ju/655/grupo-lanca-curso-de-portugues-para-estudantes-estrangeiros",""
"Edição 655","Eventos futuros - ","Jornal da Unicamp","http://www.unicamp.br/unicamp/ju/655/eventos-futuros",""
"Edição 655","Pesquisas sobre fibrose cística - ","Jornal da Unicamp","http://www.unicamp.br/unicamp/ju/655/pesquisas-sobre-fibrose-cistica-sao-destaques-no-brasil-e-no-exterior",""
"Edição 655","Pesquisador sugere yoga para - Autor acumula experiência de 12 anos trabalhando com a prática","Jornal da Unicamp","http://www.unicamp.br/unicamp/ju/655/pesquisador-sugere-yoga-para-pessoas-com-esclerose-multipla",""
"Edição 655","Dissecando e traduzindo ‘A tia fingida’ - ","Jornal da Unicamp","http://www.unicamp.br/unicamp/ju/655/dissecando-e-traduzindo-tia-fingida",""
"Edição 654","Telescópio - ","Jornal da Unicamp","http://www.unicamp.br/unicamp/ju/654/telescopio",""
"Edição 654","Os riscos do ‘útero obeso’ - Estudos constatam que filhos de mães obesas têm maior predisposição a doenças decorrentes de alterações metabólicas","Jornal da Unicamp","http://www.unicamp.br/unicamp/ju/654/os-riscos-do-utero-obeso",""
"Edição 654","Redes mapeiam combate à pobreza - Metodologia analisa relacionamentos para traduzir importância do capital social em projetos","Jornal da Unicamp","http://www.unicamp.br/unicamp/ju/654/redes-mapeiam-combate-pobreza",""
"Edição 654","Para Laymert, país já vive - Docente diz que supressão de garantias constitucionais corrobora a tese de que há um golpe em curso","Jornal da Unicamp","http://www.unicamp.br/unicamp/ju/654/para-laymert-pais-ja-vive-estado-de-excecao",""
"Edição 654","O discurso unívoco da grande mídia e - ","Jornal da Unicamp","http://www.unicamp.br/unicamp/ju/654/o-discurso-univoco-da-grande-midia-e-bombas-informacionais",""
"Edição 654","Escala mensura vergonha - Ferramenta de avaliação é validada em pesquisa desenvolvida por graduada em educação física","Jornal da Unicamp","http://www.unicamp.br/unicamp/ju/654/escala-mensura-vergonha-e-culpa-em-relacao-ao-corpo",""
"Edição 654","Vermifiltração é alternativa - Tecnologia ainda pouco conhecida alia a degradação bacteriana com a vermicompostagem","Jornal da Unicamp","http://www.unicamp.br/unicamp/ju/654/vermifiltracao-e-alternativa-para-o-tratamento-de-esgoto",""
"Edição 654","Eventos futuros - ","Jornal da Unicamp","http://www.unicamp.br/unicamp/ju/654/eventos-futuros",""
"Edição 654","Cinda estreita diálogo e aproxima objetivos - ","Jornal da Unicamp","http://www.unicamp.br/unicamp/ju/654/cinda-estreita-dialogo-e-aproxima-objetivos",""
"Edição 654","Programa computacional avalia - Arquiteta desenvolve ferramenta que segue parâmetros da norma brasileira","Jornal da Unicamp","http://www.unicamp.br/unicamp/ju/654/programa-computacional-avalia-isolamento-acustico-de-edificacoes",""
"Edição 654","Nos ritmos da música cristã - ","Jornal da Unicamp","http://www.unicamp.br/unicamp/ju/654/nos-ritmos-da-musica-crista",""
"Edição 653","Telescópio - ","Jornal da Unicamp","http://www.unicamp.br/unicamp/ju/653/telescopio",""
"Edição 653","Pesquisa detalha interação entre plantas e beija-flores - Estudo do Instituto de Biologia está fundamentado em informações de história natural","Jornal da Unicamp","http://www.unicamp.br/unicamp/ju/653/pesquisa-detalha-interacao-entre-plantas-e-beija-flores",""
"Edição 653","Docente traduz ferramenta do MIT - Interface gráfica pode ser usada por pessoas sem experiência em programação","Jornal da Unicamp","http://www.unicamp.br/unicamp/ju/653/docente-traduz-ferramenta-do-mit-para-criacao-de-aplicativos",""
"Edição 653","Neuropsicólogo desenvolve programa - Projeto, que integra tese de pesquisador, foi testado com sucesso no HC da Unicamp","Jornal da Unicamp","http://www.unicamp.br/unicamp/ju/653/neuropsicologo-desenvolve-programa-de-reabilitacao-para-pessoas-com-dislexia",""
"Edição 653","A centralidade da cultura na - Dissertação investiga como se estabelecem as relações entre jovens descendentes de japoneses","Jornal da Unicamp","http://www.unicamp.br/unicamp/ju/653/centralidade-da-cultura-na-construcao-da-japonesidade",""
"Edição 653","Do sistema feudal ao capitalismo - Governo Meiji usou princípios do conceito de família para legitimar seu projeto de modernização do Japão","Jornal da Unicamp","http://www.unicamp.br/unicamp/ju/653/do-sistema-feudal-ao-capitalismo",""
"Edição 653","Pesquisa aprova sensor para - Autora de dissertação testou novo equipamentoem 32 amostras de alimentos diferentes","Jornal da Unicamp","http://www.unicamp.br/unicamp/ju/653/pesquisa-aprova-sensor-para-medidas-de-atividade-de-agua",""
"Edição 653","As pontes da cartografia social - Dissertação analisa as conexões entre saúde e arquitetura em territórios habitacionais","Jornal da Unicamp","http://www.unicamp.br/unicamp/ju/653/pontes-da-cartografia-social",""
"Edição 653","Eventos futuros - ","Jornal da Unicamp","http://www.unicamp.br/unicamp/ju/653/eventos-futuros",""
"Edição 653","A música e a cultura do brincar - ","Jornal da Unicamp","http://www.unicamp.br/unicamp/ju/653/musica-e-cultura-do-brincar",""
"Edição 653","Traumas dentários em crianças e - Exame visual dos dentes abrangeu cerca de 1,2 mil estudantes da rede pública na região","Jornal da Unicamp","http://www.unicamp.br/unicamp/ju/653/traumas-dentarios-em-criancas-e-jovens-sao-objeto-de-dissertacao",""
"Edição 653","Rosa despetalada - ","Jornal da Unicamp","http://www.unicamp.br/unicamp/ju/653/rosa-despetalada",""
"Edição 652","Telescópio - ","Jornal da Unicamp","http://www.unicamp.br/unicamp/ju/652/telescopio",""
"Edição 652","Animais dão pistas sobre comportamentos humanos - Pesquisadores descobrem população de neurônios no nariz de camundongos","Jornal da Unicamp","http://www.unicamp.br/unicamp/ju/652/animais-dao-pistas-sobre-comportamentos-humanos",""
"Edição 652","Biocidas e membranas de quitosana - Estudo considera viável o uso associado de materiais em sistemas de distribuição de água","Jornal da Unicamp","http://www.unicamp.br/unicamp/ju/652/biocidas-e-membranas-de-quitosana-sao-opcoes-para-controle-microbiologico",""
"Edição 652","Para além da Retórica - ","Jornal da Unicamp","http://www.unicamp.br/unicamp/ju/652/para-alem-da-retorica",""
"Edição 652","Em busca do plasma de qualidade - ","Jornal da Unicamp","http://www.unicamp.br/unicamp/ju/652/em-busca-do-plasma-de-qualidade",""
"Edição 652","A pele humana em imagens digitais - ","Jornal da Unicamp","http://www.unicamp.br/unicamp/ju/652/pele-humana-em-imagens-digitais",""
"Edição 652","Estudo propõe técnicas para a segurança - Pesquisador da FEEC define requisitos para que sistema de armazenamento seja simples, seguro e confiável","Jornal da Unicamp","http://www.unicamp.br/unicamp/ju/652/estudo-propoe-tecnicas-para-seguranca-de-dados-em-nuvens",""
"Edição 652","O circo chega às escolas - Tese investiga alcance da introdução de atividades circenses nas grades curriculares","Jornal da Unicamp","http://www.unicamp.br/unicamp/ju/652/o-circo-chega-escolas",""
"Edição 652","Pesquisadora sugere programa de - Projeto de bióloga é alternativa para atenuar conflito entre caiçaras e ICMBio","Jornal da Unicamp","http://www.unicamp.br/unicamp/ju/652/pesquisadora-sugere-programa-de-monitoramento-da-pesca-em-paraty",""
"Edição 652","Vestibular: Comvest recebe pedidos - ","Jornal da Unicamp","http://www.unicamp.br/unicamp/ju/652/vestibular-comvest-recebe-pedidos-de-isencao-da-taxa-partir-do-dia-20",""
"Edição 652","Um marco histórico na vida política da Unicamp - ","Jornal da Unicamp","http://www.unicamp.br/unicamp/ju/652/um-marco-historico-na-vida-politica-da-unicamp",""
"Edição 652","Tratados sobre a sinceridade - ","Jornal da Unicamp","http://www.unicamp.br/unicamp/ju/652/tratados-sobre-sinceridade#overlay-context=ju/652/um-marco-historico-na-vida-politica-da-unicamp",""
"Edição 651","Telescópio - ","Jornal da Unicamp","http://www.unicamp.br/unicamp/ju/651/telescopio",""
"Edição 651","Pesquisa alerta para adição de - Resultados demonstraram que, quando aquecido, adoçante torna-se quimicamente instável, liberando compostos tóxicos","Jornal da Unicamp","http://www.unicamp.br/unicamp/ju/651/pesquisa-alerta-para-adicao-de-sucralose-em-alimentos-quentes",""
"Edição 651","Relatório revela privatização - Estudo aponta que é cada vez maior a atuação de sistemas privados no ensino fundamental nos municípios brasileiros","Jornal da Unicamp","http://www.unicamp.br/unicamp/ju/651/relatorio-revela-privatizacao-da-educacao-publica-no-pais",""
"Edição 651","Transgênicos podem oferecer riscos - Pesquisa usa modelo matemático para analisar interação entre variedades originais e geneticamente modificadas","Jornal da Unicamp","http://www.unicamp.br/unicamp/ju/651/transgenicos-podem-oferecer-riscos-para-biodiversidade",""
"Edição 651","Na ponta do dedo, o mundo da pesquisa - Sistema de Bibliotecas da Unicamp torna acessível um dos maiores acervos de dados eletrônicos da América Latina","Jornal da Unicamp","http://www.unicamp.br/unicamp/ju/651/na-ponta-do-dedo-o-mundo-da-pesquisa",""
"Edição 651","Uma avaliação funcional para crianças - Linha de pesquisa da FCM contribui para melhorar a qualidade de vida das pessoas com DV","Jornal da Unicamp","http://www.unicamp.br/unicamp/ju/651/uma-avaliacao-funcional-para-criancas-com-deficiencia-visual",""
"Edição 651","A viagem ficcional de - Pesquisa de historiadora destaca facetas desconhecidas do autor de ‘A Moreninha’","Jornal da Unicamp","http://www.unicamp.br/unicamp/ju/651/viagem-ficcional-de-joaquim-manuel-de-macedo",""
"Edição 651","Unicamp pede que MEC mantenha regras do Pibid - ","Jornal da Unicamp","http://www.unicamp.br/unicamp/ju/651/unicamp-pede-que-mec-mantenha-regras-do-pibid",""
"Edição 651","Uma comunidade de mães empoderadas - ","Jornal da Unicamp","http://www.unicamp.br/unicamp/ju/651/uma-comunidade-de-maes-empoderadas",""
"Edição 651","A ilustradora que expia seus demônios - ","Jornal da Unicamp","http://www.unicamp.br/unicamp/ju/651/ilustradora-que-expia-seus-demonios",""
"Edição 651","Chaplin a serviço de Chaplin - ","Jornal da Unicamp","http://www.unicamp.br/unicamp/ju/651/chaplin-servico-de-chaplin",""
"Edição 650","Telescópio - ","Jornal da Unicamp","http://www.unicamp.br/unicamp/ju/650/telescopio",""
"Edição 650","Técnica inédita no país detecta - Diagnóstico em nível molecular deve aumentar precisão nas cirurgias e reduzir o risco de mortes e sequelas","Jornal da Unicamp","http://www.unicamp.br/unicamp/ju/650/tecnica-inedita-no-pais-detecta-tumores-cerebrais-em-criancas",""
"Edição 650","Planejamento Estratégico da Unicamp 2016-2020 - ","Jornal da Unicamp","http://www.unicamp.br/unicamp/ju/650/planejamento-estrategico-da-unicamp-2016-2020",""
"Edição 650","Para além da técnica - Pesquisa cria conceito de “afetibilidade” para destacar importância da interação entre o ser humano e o computador","Jornal da Unicamp","http://www.unicamp.br/unicamp/ju/650/para-alem-da-tecnica",""
"Edição 650","O pêndulo demográfico - Tese revela que a sede e o entorno da Região Metropolitana de São Paulo perdem população e atraem cada vez menos migrantes de outros Estados","Jornal da Unicamp","http://www.unicamp.br/unicamp/ju/650/o-pendulo-demografico",""
"Edição 650","De Manila a Montjuic: a intrincada rede dos - ","Jornal da Unicamp","http://www.unicamp.br/unicamp/ju/650/de-manila-montjuic-intrincada-rede-dos-nacionalismos-e-anarquismos-no-oitocentos",""
"Edição 650","O supletivo que nasceu na Unicamp - ","Jornal da Unicamp","http://www.unicamp.br/unicamp/ju/650/o-supletivo-que-nasceu-na-unicamp",""
"Edição 650","Tese investiga a relação entre - Estudo conclui que política educacional implantada no período é responsável por muitas das mazelas enfrentadas pelo setor","Jornal da Unicamp","http://www.unicamp.br/unicamp/ju/650/tese-investiga-relacao-entre-ditadura-e-educacao-na-bahia",""
"Edição 650","Entre o efêmero e a experimentação - ","Jornal da Unicamp","http://www.unicamp.br/unicamp/ju/650/entre-o-efemero-e-experimentacao",""
"Edição 650","Técnica permite aproveitamento - Engenheira de alimentos testa, com sucesso, tecnologia limpa","Jornal da Unicamp","http://www.unicamp.br/unicamp/ju/650/tecnica-permite-aproveitamento-integral-de-sementes-de-urucum",""
"Edição 650","O olhar desconhecido de Steiner - ","Jornal da Unicamp","http://www.unicamp.br/unicamp/ju/650/o-olhar-desconhecido-de-steiner",""
"Edição 649","Telescópio - ","Jornal da Unicamp","http://www.unicamp.br/unicamp/ju/649/telescopio",""
"Edição 649","O coletor de partículas invisíveis - Telescópio do IFGW investiga os efeitos secundários de raios cósmicos que chegam à Terra","Jornal da Unicamp","http://www.unicamp.br/unicamp/ju/649/o-coletor-de-particulas-invisiveis",""
"Edição 649","Matemática avalia ação de - Modelo desenvolvido na FEEC analisa impacto do “Amarelão”, doença que mais atinge citricultura do país","Jornal da Unicamp","http://www.unicamp.br/unicamp/ju/649/matematica-avalia-acao-de-praga-que-infesta-laranjais",""
"Edição 649","Dispositivo simula aplicação - Aplicativo desenvolvido na FOP já foi testado com sucesso por alunos de graduação","Jornal da Unicamp","http://www.unicamp.br/unicamp/ju/649/dispositivo-simula-aplicacao-de-anestesia-odontologica",""
"Edição 649","Resistência real no mundo virtual - Coletivo adota plataforma digital para discutir questões agrárias e ambientais","Jornal da Unicamp","http://www.unicamp.br/unicamp/ju/649/resistencia-real-no-mundo-virtual",""
"Edição 649","Da eletrônica para a biologia - Estudo colaborativo entre FEEC e IB investiga a interação entre nanotubos de carbono e sistema imunológico","Jornal da Unicamp","http://www.unicamp.br/unicamp/ju/649/da-eletronica-para-biologia",""
"Edição 649","Estudo questiona educação bilíngue - ","Jornal da Unicamp","http://www.unicamp.br/unicamp/ju/649/estudo-questiona-educacao-bilingue",""
"Edição 649","Jogando luz na física para crianças - ","Jornal da Unicamp","http://www.unicamp.br/unicamp/ju/649/jogando-luz-na-fisica-para-criancas",""
"Edição 649","Técnica classifica farinhas - Metodologia pode auxiliar as indústrias de panificação na escolha de produtos mais adequados","Jornal da Unicamp","http://www.unicamp.br/unicamp/ju/649/tecnica-classifica-farinhas-para-pao-integral-de-forma",""
"Edição 649","Eventos futuros - ","Jornal da Unicamp","http://www.unicamp.br/unicamp/ju/649/eventos-futuros",""
"Edição 649","Lançados editais na estratégia de - ","Jornal da Unicamp","http://www.unicamp.br/unicamp/ju/649/lancados-editais-na-estrategia-de-mobilidade-internacional",""
"Edição 649","Grupo busca biomarcadores da - Proteínas do sangue podem indicar o melhor caminho para a eficácia de drogas","Jornal da Unicamp","http://www.unicamp.br/unicamp/ju/649/grupo-busca-biomarcadores-da-depressao-e-da-esquizofrenia",""
"Edição 649","Sob a lona, o poder do riso - ","Jornal da Unicamp","http://www.unicamp.br/unicamp/ju/649/sob-lona-o-poder-do-riso",""
"Edição 648","Telescópio - ","Jornal da Unicamp","http://www.unicamp.br/unicamp/ju/648/telescopio",""
"Edição 648","Estudo com células mensura toxicidade em achocolatados - Método pioneiro consiste em simulação in vitro que avalia riscos e benefícios de ingestão de alimentos","Jornal da Unicamp","http://www.unicamp.br/unicamp/ju/648/estudo-com-celulas-mensura-toxicidade-em-achocolatados",""
"Edição 648","Em cena, mas como coadjuvantes - Segundo pesquisa do IE, países em desenvolvimento têm participação discreta no Sistema Agroalimentar Mundial","Jornal da Unicamp","http://www.unicamp.br/unicamp/ju/648/em-cena-mas-como-coadjuvantes",""
"Edição 648","Pesquisador analisa ilustrações - Trabalho desenvolvido no IG foi o primeiro concluído em regime de cotutela","Jornal da Unicamp","http://www.unicamp.br/unicamp/ju/648/pesquisador-analisa-ilustracoes-cientificas-em-livros-didaticos",""
"Edição 648","Ensaio investiga formação da - Pesquisador analisa mapas, obras literárias e até cordéis para fundamentar tese desenvolvida no IEL","Jornal da Unicamp","http://www.unicamp.br/unicamp/ju/648/ensaio-investiga-formacao-da-identidade-narrativa-sertaneja",""
"Edição 648","Uma história do jogo do bicho - ","Jornal da Unicamp","http://www.unicamp.br/unicamp/ju/648/resenha",""
"Edição 648","Urbanização de favela é analisada - ","Jornal da Unicamp","http://www.unicamp.br/unicamp/ju/648/urbanizacao-de-favela-e-analisada",""
"Edição 648","Mais segurança para - Pesquisadora desenvolve dispositivos para o transporte seguro de recém-nascidos","Jornal da Unicamp","http://www.unicamp.br/unicamp/ju/648/mais-seguranca-para-bebes-abaixo-do-peso",""
"Edição 648","Eventos marcam os 50 anos - ","Jornal da Unicamp","http://www.unicamp.br/unicamp/ju/648/eventos-marcam-os-50-anos",""
"Edição 648","Karatê previne doenças ósseas, aponta dissertação - Estudo da FCM mostra que prática do esporte auxilia no ganho de massa magra e perda de peso","Jornal da Unicamp","http://www.unicamp.br/unicamp/ju/648/karate-previne-doencas-osseas-aponta-dissertacao",""
"Edição 648","Nicolas Vlavianos em seis atos - ","Jornal da Unicamp","http://www.unicamp.br/unicamp/ju/648/nicolas-vlavianos-em-seis-atos",""
"Edição 647","Telescópio - ","Jornal da Unicamp","http://www.unicamp.br/unicamp/ju/647/telescopio",""
"Edição 647","Inteligente e mais barato - Pesquisadores da FEM utilizam sensores de baixo custo para serem incorporados a projetos de carros autônomos","Jornal da Unicamp","http://www.unicamp.br/unicamp/ju/647/inteligente-e-mais-barato",""
"Edição 647","Restinga fluminense é objeto de investigação geoecológica - Pesquisadores do IG fazem mapeamento de unidades geoambientais do Parque Nacional de Jurubatiba","Jornal da Unicamp","http://www.unicamp.br/unicamp/ju/647/restinga-fluminense-e-objeto-de-investigacao-geoecologica",""
"Edição 647","Grupo pesquisa alcance da medicina - Pesquisadores da FT-Limeira trabalham com o conceito de translação do conhecimento","Jornal da Unicamp","http://www.unicamp.br/unicamp/ju/647/grupo-pesquisa-alcance-da-medicina-baseada-em-evidencias",""
"Edição 647","Estudo vai na origem do desemprego urbano - Economista analisa a formação do mercado de trabalho no país","Jornal da Unicamp","http://www.unicamp.br/unicamp/ju/647/estudo-vai-na-origem-do-desemprego-urbano",""
"Edição 647","Técnica acelera desidratação e - Protótipo está pronto para ser transferido a produtores de vinho ou de sucos","Jornal da Unicamp","http://www.unicamp.br/unicamp/ju/647/tecnica-acelera-desidratacao-e-preserva-compostos-da-uva",""
"Edição 647","GT da Dengue divulga plano de ação para 2016 - ","Jornal da Unicamp","http://www.unicamp.br/unicamp/ju/647/gt-da-dengue-divulga-plano-de-acao-para-2016",""
"Edição 647","Mano em campo minado - ","Jornal da Unicamp","http://www.unicamp.br/unicamp/ju/647/mano-em-campo-minado",""
"Edição 646","Em dueto, a música e a matemática - Pesquisa utiliza modelos matemáticos para analisar as características sonoras da flauta andina","Jornal da Unicamp","http://www.unicamp.br/unicamp/ju/646/em-dueto-musica-e-matematica",""
"Edição 646","Modelagem determina o grau de contaminação de alimentos - Microbiologia preditiva revela o comportamento de micro-organismos","Jornal da Unicamp","http://www.unicamp.br/unicamp/ju/646/modelagem-determina-o-grau-de-contaminacao-de-alimentos",""
"Edição 646","Soma de fatores potencializa predição de câncer de boca - Colaboração entre pesquisadores da Unicamp e de universidade finlandesa rende estudos publicados em duas revistas internacionais","Jornal da Unicamp","http://www.unicamp.br/unicamp/ju/646/soma-de-fatores-potencializa-predicao-de-cancer-de-boca",""
"Edição 646","Reciclagem é alternativa para descarte de plástico - Estudo desenvolvido na FEQ avaliou processo com menor impacto ambiental para a destinação final do PLA","Jornal da Unicamp","http://www.unicamp.br/unicamp/ju/646/reciclagem-e-alternativa-para-descarte-de-plastico",""
"Edição 646","Da física e da matemática ao universo do homem cindido - Livro lançado pela Editora da Unicamp traz 11 entrevistas concedidas por Ernesto Sabato a Carlos Catania no final dos anos 1980","Jornal da Unicamp","http://www.unicamp.br/unicamp/ju/646/da-fisica-e-da-matematica-ao-universo-do-homem-cindido",""
"Edição 646","A supressão da cidadania nas celas - Pesquisa do IFCH investiga transformações do modelo carcerário brasileiro","Jornal da Unicamp","http://www.unicamp.br/unicamp/ju/646/supressao-da-cidadania-nas-celas",""
"Edição 646","Em busca de nova terapêutica - Pesquisa investiga o uso do ultrassom de baixa potência no estímulo às proteínas envolvidas na formação do osso","Jornal da Unicamp","http://www.unicamp.br/unicamp/ju/646/em-busca-de-nova-terapeutica",""
"Edição 646","Eventos futuros - ","Jornal da Unicamp","http://www.unicamp.br/unicamp/ju/646/eventos-futuros",""
"Edição 646","Unicamp é a 24ª dos BRICS - ","Jornal da Unicamp","http://www.unicamp.br/unicamp/ju/646/unicamp-e-24a-dos-brics",""
"Edição 646","O avanço da extrema direita na Europa - ","Jornal da Unicamp","http://www.unicamp.br/unicamp/ju/646/o-avanco-da-extrema-direita-na-europa",""
"Edição 646","Primeiros Passos - ","Jornal da Unicamp","http://www.unicamp.br/unicamp/ju/646/primeiros-passos",""
"Edição 628","Telescópio - ","Jornal da Unicamp","http://www.unicamp.br/unicamp/ju/628/telescopio",""
"Edição 628","Mapeamento pode antecipar diagnóstico da febre maculosa - Veterinário analisou as principais variáveis ambientais e demográficas na bacia do rio Piracicaba","Jornal da Unicamp","http://www.unicamp.br/unicamp/ju/628/mapeamento-pode-antecipar-diagnostico-da-febre-maculosa",""
"Edição 628","Expansão de fronteira agrícola altera perfil de cidades médias - Pesquisa constata que município do interior de Tocantins passa a ter status de capital","Jornal da Unicamp","http://www.unicamp.br/unicamp/ju/628/expansao-de-fronteira-agricola-altera-perfil-de-cidades-medias",""
"Edição 628","Pesquisa aprimora liga de titânio para implante - Material foi submetido a tratamentos térmicos e acabamentos de superfície após modelagem","Jornal da Unicamp","http://www.unicamp.br/unicamp/ju/628/pesquisa-aprimora-liga-de-titanio-para-implante",""
"Edição 628","Vítimas de violência sexual evitam recorrer a aborto legal - Pesquisa da FCM desenvolvida por psicóloga aborda vivências de mulheres que solicitaram interrupção da gestação","Jornal da Unicamp","http://www.unicamp.br/unicamp/ju/628/vitimas-de-violencia-sexual-evitam-recorrer-aborto-legal",""
"Edição 628","Chico de Oliveira e o ovo do ornitorrinco - Tese aborda as diferentes fases da trajetória do sociólogo pernambucano","Jornal da Unicamp","http://www.unicamp.br/unicamp/ju/628/chico-de-oliveira-e-o-ovo-do-ornitorrinco",""
"Edição 628","Fósforo e nitrogênio causam desequilíbrio em mata urbana - Altas concentrações na Santa Genebra, em Campinas, se assemelham a índices de regiões industriais da China","Jornal da Unicamp","http://www.unicamp.br/unicamp/ju/628/fosforo-e-nitrogenio-causam-desequilibrio-em-mata-urbana",""
"Edição 628","Eventos futuros - ","Jornal da Unicamp","http://www.unicamp.br/unicamp/ju/628/eventos-futuros",""
"Edição 628","Claudia Bauzer recebe título de Honoris Causa da Université Paris Dauphine - ","Jornal da Unicamp","http://www.unicamp.br/unicamp/ju/628/claudia-bauzer-recebe-titulo-de-honoris-causa-da-universite-paris-dauphine",""
"Edição 628","Óleos essenciais em ração de suínos - CPQBA desenvolve micropartícula que tem palmarosa e capim-limão em sua composição","Jornal da Unicamp","http://www.unicamp.br/unicamp/ju/628/oleos-essenciais-em-racao-de-suinos",""
"Edição 628","Treino combinado atenua obesidade - Doze semanas de treinamento, sem intervenção nutricional, ajudaram a reduzir a gordura corporal","Jornal da Unicamp","http://www.unicamp.br/unicamp/ju/628/treino-combinado-atenua-obesidade",""
"Edição 628","Pioneirismo e Modernidade em Surdina - ","Jornal da Unicamp","http://www.unicamp.br/unicamp/ju/628/pioneirismo-e-modernidade-em-surdina",""
"Edição 627","Telescópio - ","Jornal da Unicamp","http://www.unicamp.br/unicamp/ju/627/telescopio",""
"Edição 627","Pecuária e mineração põem campos rupestres sob ameaça - Formações vegetais abrigam cerca de um terço da biodiversidade do país","Jornal da Unicamp","http://www.unicamp.br/unicamp/ju/627/pecuaria-e-mineracao-poem-campos-rupestres-sob-ameaca",""
"Edição 627","Tese associa fatores genéticos a efeitos colaterais de medicamento - Estudo feito com crianças analisou ganho de peso, complicações metabólicas e alterações hormonais","Jornal da Unicamp","http://www.unicamp.br/unicamp/ju/627/tese-associa-fatores-geneticos-efeitos-colaterais-de-medicamento",""
"Edição 627","Livro radiografa sistemas de inovação de 12 países - Foram analisadas nações em desenvolvimento; segundo a obra, Brasil, estagnado, precisa avançar","Jornal da Unicamp","http://www.unicamp.br/unicamp/ju/627/livro-radiografa-sistemas-de-inovacao-de-12-paises",""
"Edição 627","Reforma agrária garante segurança alimentar em assentamento - Pesquisadora acompanhou famílias assentadas em área na zona rural de Mogi Mirim","Jornal da Unicamp","http://www.unicamp.br/unicamp/ju/627/reforma-agraria-garante-seguranca-alimentar-em-assentamento",""
"Edição 627","Quando a brincadeira integra o aprendizado - ","Jornal da Unicamp","http://www.unicamp.br/unicamp/ju/627/quando-brincadeira-integra-o-aprendizado",""
"Edição 627","Tradição alemã de estudos de Marx desconhecida no Brasil - ","Jornal da Unicamp","http://www.unicamp.br/unicamp/ju/627/tradicao-alema-de-estudos-de-marx-desconhecida-no-brasil",""
"Edição 627","Alunos-artistas começam a mostrar sua arte nos campi - ","Jornal da Unicamp","http://www.unicamp.br/unicamp/ju/627/alunos-artistas-comecam-mostrar-sua-arte-nos-campi",""
"Edição 627","Qual o futuro do carro elétrico? - Estudo narra a gênese e a trajetória do veículo","Jornal da Unicamp","http://www.unicamp.br/unicamp/ju/627/qual-o-futuro-do-carro-eletrico",""
"Edição 627","Caism será polo no país de pesquisas em câncer de mama - Assinatura de acordo com o Baylor College of Medicine e o Susan G. Komen ocorre no dia 11 de junho","Jornal da Unicamp","http://www.unicamp.br/unicamp/ju/627/caism-sera-polo-no-pais-de-pesquisas-em-cancer-de-mama",""
"Edição 627","Eventos futuros - ","Jornal da Unicamp","http://www.unicamp.br/unicamp/ju/627/eventos-futuros",""
"Edição 627","Uma ginástica para todos - Livro resgata 25 anos de história do Grupo Ginástico da Unicamp","Jornal da Unicamp","http://www.unicamp.br/unicamp/ju/627/uma-ginastica-para-todos",""
"Edição 627","Um pacto (e a vida) em HQ - ","Jornal da Unicamp","http://www.unicamp.br/unicamp/ju/627/um-pacto-e-vida-em-hq",""
"Edição 626","Telescópio - ","Jornal da Unicamp","http://www.unicamp.br/unicamp/ju/626/telescopio",""
"Edição 626","Flor de maracujá ‘seduz’ morcego para polinização - Pesquisadores da Unicamp e da Universidade Hebraica de Jerusalém descrevem adaptação de espécie","Jornal da Unicamp","http://www.unicamp.br/unicamp/ju/626/flor-de-maracuja-seduz-morcego-para-polinizacao",""
"Edição 626","Liberação controlada de NO rende biomateriais poliméricos - Filmes e hidrogéis recobrem dispositivos e atuam na vasodilatação da pele, na cicatrização de lesões e na prevenção de infecções","Jornal da Unicamp","http://www.unicamp.br/unicamp/ju/626/liberacao-controlada-de-no-rende-biomateriais-polimericos",""
"Edição 626","No contrafluxo do estabelecido - Dois livros trazem à tona diferentes facetas do modernista Flávio de Carvalho, cujo acervo está sob a guarda da Unicamp","Jornal da Unicamp","http://www.unicamp.br/unicamp/ju/626/no-contrafluxo-do-estabelecido",""
"Edição 626","No traço, drama, humor e ironia - ","Jornal da Unicamp","http://www.unicamp.br/unicamp/ju/626/no-traco-drama-humor-e-ironia",""
"Edição 626","Diário rastreia os ‘ossos do mundo’ - ","Jornal da Unicamp","http://www.unicamp.br/unicamp/ju/626/diario-rastreia-os-ossos-do-mundo",""
"Edição 626","Grupo avalia potencial energético de biomassas - Pesquisadores da FEM caracterizam resíduos pouco aproveitados na agricultura","Jornal da Unicamp","http://www.unicamp.br/unicamp/ju/626/grupo-avalia-potencial-energetico-de-biomassas",""
"Edição 626","O poder do boca a boca - Tese confirma a influência das redes sociais reais na escolha do consumidor e na forma como as empresas disputam o mercado","Jornal da Unicamp","http://www.unicamp.br/unicamp/ju/626/o-poder-do-boca-boca",""
"Edição 626","Prêmio Inventores 2015 contempla 77 profissionais - ","Jornal da Unicamp","http://www.unicamp.br/unicamp/ju/626/premio-inventores-2015-contempla-77-profissionais",""
"Edição 626","Para que a memória não se perca - Pesquisador desenvolve proposta de modelo conceitual para a preservação de documentos digitais","Jornal da Unicamp","http://www.unicamp.br/unicamp/ju/626/para-que-memoria-nao-se-perca",""
"Edição 626","Integrado, ma non troppo - ","Jornal da Unicamp","http://www.unicamp.br/unicamp/ju/626/integrado-ma-non-troppo",""
"Edição 625","Telescópio - ","Jornal da Unicamp","http://www.unicamp.br/unicamp/ju/625/telescopio",""
"Edição 625","Uma nova aplicação para o nióbio - Pesquisa constata que óxido do metal potencializa as características do biovidro usado no tratamento de lesões ósseas","Jornal da Unicamp","http://www.unicamp.br/unicamp/ju/625/uma-nova-aplicacao-para-o-niobio",""
"Edição 625","Uma metodologia para o setor sucroenergético - Estudo promove avaliação termoeconômica da cogeração de energia no segmento","Jornal da Unicamp","http://www.unicamp.br/unicamp/ju/625/uma-metodologia-para-o-setor-sucroenergetico",""
"Edição 625","Uma etiqueta inteligente - Circuito eletrônico armazena informações que podem ser lidas à distância","Jornal da Unicamp","http://www.unicamp.br/unicamp/ju/625/uma-etiqueta-inteligente",""
"Edição 625","Para que a história não se repita como farsa - Relatório da Comissão da Verdade e Memória “Octávio Ianni” sugere criação de linhas de pesquisa e produção de conteúdo sobre a ditadura militar","Jornal da Unicamp","http://www.unicamp.br/unicamp/ju/625/para-que-historia-nao-se-repita-como-farsa",""
"Edição 625","Conceito de ‘vigor mental’ é destaque em questionário de psicologia esportiva - Pesquisadora da FEF traduz para o português documento inglês destinado a avaliar desempenho","Jornal da Unicamp","http://www.unicamp.br/unicamp/ju/625/conceito-de-vigor-mental-e-destaque-em-questionario-de-psicologia-esportiva",""
"Edição 625","Estudo identifica enzimas em rejeitos de mineração no Pará - Além das aplicações biotecnológicas, será possível monitorar atividade microbiológica","Jornal da Unicamp","http://www.unicamp.br/unicamp/ju/625/estudo-identifica-enzimas-em-rejeitos-de-mineracao-no-para",""
"Edição 625","Eventos futuros - ","Jornal da Unicamp","http://www.unicamp.br/unicamp/ju/625/eventos-futuros",""
"Edição 625","Exposição comemora 120 anos de nascimento de Malba Tahan - ","Jornal da Unicamp","http://www.unicamp.br/unicamp/ju/625/exposicao-comemora-120-anos-de-nascimento-de-malba-tahan",""
"Edição 625","Unicamp lança primeiro curso do Coursera no país - Plataforma de ensino on-line tem 12 milhões de usuários no mundo","Jornal da Unicamp","http://www.unicamp.br/unicamp/ju/625/unicamp-lanca-primeiro-curso-do-coursera-no-pais",""
"Edição 625","Um mergulho nos madrigais (e nos dramas) de Gesualdo - ","Jornal da Unicamp","http://www.unicamp.br/unicamp/ju/625/um-mergulho-nos-madrigais-e-nos-dramas-de-gesualdo",""
