"Edição 81","O que fazer e não fazer","Unesp Ciência","http://www.unespciencia.com.br/2016/12/editorial-81/","Editorial"
"Edição 81","Iniciação Científica e Ações Afirmativas","Unesp Ciência","http://www.unespciencia.com.br/2016/12/educacao-81/","Educação"
"Edição 81","40 anos da Ecologia de Rio Claro","Unesp Ciência","http://www.unespciencia.com.br/2016/12/memoria-81/","Memória"
"Edição 81","2017-2018: o Biênio da Matemática","Unesp Ciência","http://www.unespciencia.com.br/2016/12/matematica-81/","Matemática"
"Edição 81","Quem tem medo de Virginia Woolf, aliás, de Donald Trump?","Unesp Ciência","http://www.unespciencia.com.br/2016/12/politica-81/","Política"
"Edição 81","Por que os humanos fazem sexo na posição papai-e-mamãe?","Unesp Ciência","http://www.unespciencia.com.br/2016/12/sexualidade-81/","Sexualidade"
"Edição 81","As empresas brasileiras e a exportação","Unesp Ciência","http://www.unespciencia.com.br/2016/12/economia-81/","Economia"
"Edição 81","Uso racional de energia","Unesp Ciência","http://www.unespciencia.com.br/2016/12/engenharia-81/","Engenharia"
"Edição 81","Nem de Direita, nem de Esquerda; é Bob Dylan","Unesp Ciência","http://www.unespciencia.com.br/2016/12/literatura-81/","Literatura"
"Edição 81","Livro debate expressionismo","Unesp Ciência","http://www.unespciencia.com.br/2016/12/leitura-81/","Leitura"
"Edição 81","Artigos enfocam escritor italiano","Unesp Ciência","http://www.unespciencia.com.br/2016/12/homenagem-81/","Homenagem"
"Edição 81","Antoni Gaudí, o arquiteto de Deus","Unesp Ciência","http://www.unespciencia.com.br/2016/12/arquitetura-81/","Arquitetura"
"Edição 81","Pré-estreia mundial na Unesp","Unesp Ciência","http://www.unespciencia.com.br/2016/12/musica-81/","Música"
"Edição 81","Concerto inédito de música chinesa para percussão","Unesp Ciência","http://www.unespciencia.com.br/2016/12/foto-mes-81/","Foto do mês"
"Edição 81","A legalização de documentos públicos estrangeiros","Unesp Ciência","http://www.unespciencia.com.br/2016/12/opiniao-81/","Opinião"
"Edição 80","Visão transversal","Unesp Ciência","http://www.unespciencia.com.br/2016/11/editorial-80/","Editorial"
"Edição 80","Ações transversais entre as dimensões acadêmicas da Unesp","Unesp Ciência","http://www.unespciencia.com.br/2016/11/educacao-80/","Educação"
"Edição 80","Pesquisa básica ou pesquisa aplicada, interligadas","Unesp Ciência","http://www.unespciencia.com.br/2016/11/ciencia-80/","Ciência"
"Edição 80","Música da Renascença e Contemporânea","Unesp Ciência","http://www.unespciencia.com.br/2016/11/musica-80/","Pesquisa"
"Edição 80","O neorrealismo cinematográfico italiano","Unesp Ciência","http://www.unespciencia.com.br/2016/11/cinema-80/","Cinema"
"Edição 80","Novo mecanismo de modulação estrutural de proteínas","Unesp Ciência","http://www.unespciencia.com.br/2016/11/ciencias-biologicas-80/","Ciências biológicas"
"Edição 80","Nova espécie de esponja","Unesp Ciência","http://www.unespciencia.com.br/2016/11/aquarismo-80/","Aquarismo"
"Edição 80","Algumas reflexões no Dia do Internauta","Unesp Ciência","http://www.unespciencia.com.br/2016/11/comunicacao-80/","Comunicação"
"Edição 80","Olimpíada de Matemática de Rio Preto (OMRP)","Unesp Ciência","http://www.unespciencia.com.br/2016/11/matematica-80/","Matemática"
"Edição 80","Equilíbrio fiscal","Unesp Ciência","http://www.unespciencia.com.br/2016/11/adm-80/","Administração"
"Edição 80","O ópio dos intelectuais, de Raymond Aron","Unesp Ciência","http://www.unespciencia.com.br/2016/11/resenha-80/","Resenha"
"Edição 80","Radiografia dos descaminhos e das potencialidades da democracia","Unesp Ciência","http://www.unespciencia.com.br/2016/11/leitura-80/","Leitura"
"Edição 80","Fui à Bienal ver Arte não achei","Unesp Ciência","http://www.unespciencia.com.br/2016/11/arte-80/","Arte e cultura"
"Edição 80","Unesp celebra 40 anos na Sala São Paulo","Unesp Ciência","http://www.unespciencia.com.br/2016/11/foto-mes-80/","Foto do mês"
"Edição 80","A importância dos cursinhos pré-vestibulares da Unesp","Unesp Ciência","http://www.unespciencia.com.br/2016/11/opiniao-80/","Opinião"
"Edição 79","O espírito olímpico","Unesp Ciência","http://www.unespciencia.com.br/2016/10/editorial-79/","Editorial"
"Edição 79","Os Jogos Olímpicos e suas lições","Unesp Ciência","http://www.unespciencia.com.br/2016/10/esporte-79/","Dossiê esporte – Visões dos jogos Rio 2016"
"Edição 79","Berlim 1936","Unesp Ciência","http://www.unespciencia.com.br/2016/10/berlim-79/","Jogos Olímpicos"
"Edição 79","Quem é o terrorista?","Unesp Ciência","http://www.unespciencia.com.br/2016/10/rel-inter-79/","Relações Internacionais"
"Edição 79","Habermas resgata o potencial do materialismo histórico","Unesp Ciência","http://www.unespciencia.com.br/2016/10/leitura-79/","Leitura"
"Edição 79","O caminho do câncer (ou como evitá-lo)","Unesp Ciência","http://www.unespciencia.com.br/2016/10/saude-79/","Saúde"
"Edição 79","O falso Robin Hood","Unesp Ciência","http://www.unespciencia.com.br/2016/10/ensino-79/","Ensino Superior"
"Edição 79","Escola sem escola","Unesp Ciência","http://www.unespciencia.com.br/2016/10/educacao-79/","Educação"
"Edição 79","Operação Boca Livre, Lei Rouanet e Ciência Brasileira","Unesp Ciência","http://www.unespciencia.com.br/2016/10/ciencia-79/","Ciência"
"Edição 79","O ciclo de vida na formação de futuros profissionais","Unesp Ciência","http://www.unespciencia.com.br/2016/10/sustentabilidade-79/","Sustentabilidade"
"Edição 79","Bloomsday é tributo a James Joyce e sua obra Ulysses","Unesp Ciência","http://www.unespciencia.com.br/2016/10/homenagem-79/","Homenagem"
"Edição 79","Liberdade, Liberdade","Unesp Ciência","http://www.unespciencia.com.br/2016/10/televisao-79/","Televisão"
"Edição 79","Poética das sensibilidades","Unesp Ciência","http://www.unespciencia.com.br/2016/10/arte-79/","Arte e cultura"
"Edição 79","Unesp recebe vice-primeira-ministra da China","Unesp Ciência","http://www.unespciencia.com.br/2016/10/foto-mes-79/","Foto do mês"
"Edição 79","20 anos do PET Ciências Sociais","Unesp Ciência","http://www.unespciencia.com.br/2016/10/opiniao-79/","Opinião"
"Edição 78","Liderança e inovação","Unesp Ciência","http://www.unespciencia.com.br/2016/09/editorial-78/","Editorial"
"Edição 78","Um longo caminho na formação do ecólogo","Unesp Ciência","http://www.unespciencia.com.br/2016/09/ecologia-78/","40 anos do curso de Ecologia de Rio Claro"
"Edição 78","O desafio da inovação","Unesp Ciência","http://www.unespciencia.com.br/2016/09/materia-capa-78/","Patentes e Inovação"
"Edição 78","Conflitos raciais nos EUA","Unesp Ciência","http://www.unespciencia.com.br/2016/09/sociedade-78/","Sociedade"
"Edição 78","O novo direito à desconexão","Unesp Ciência","http://www.unespciencia.com.br/2016/09/TI-78/","Tecnologia da informação"
"Edição 78","O Terror em Israel e na Palestina","Unesp Ciência","http://www.unespciencia.com.br/2016/09/israel-78/","Relações Internacionais"
"Edição 78","Mulheres chefes de família","Unesp Ciência","http://www.unespciencia.com.br/2016/09/mulheres-78/","Configurações familiares"
"Edição 78","Clássico ensina como se tornar filósofo","Unesp Ciência","http://www.unespciencia.com.br/2016/09/leitura-78/","Leitura"
"Edição 78","A quem interessa a doutrinação do Escola Sem Partido?","Unesp Ciência","http://www.unespciencia.com.br/2016/09/educacao-78/","Educação"
"Edição 78","Revisão do programa Ciência sem Fronteiras","Unesp Ciência","http://www.unespciencia.com.br/2016/09/internacionalizacao-78/","Internacionalização"
"Edição 78","Casos de aids voltam a crescer no Brasil","Unesp Ciência","http://www.unespciencia.com.br/2016/09/medicina-78/","Medicina"
"Edição 78","Os 25 anos do Mercosul","Unesp Ciência","http://www.unespciencia.com.br/2016/09/mercosul-78/","Relações Internacionais"
"Edição 78","A morada do som","Unesp Ciência","http://www.unespciencia.com.br/2016/09/musica-78/","Música"
"Edição 78","Velho Chico, a novela do ‘novo mundo rural’","Unesp Ciência","http://www.unespciencia.com.br/2016/09/arte-78/","Arte e cultura"
"Edição 78","Instituto de Estudos Avançados do Mar","Unesp Ciência","http://www.unespciencia.com.br/2016/09/foto-mes-78/","Foto do mês"
"Edição 78","Lei Anticorrupção e Projetos Educacionais","Unesp Ciência","http://www.unespciencia.com.br/2016/09/opiniao-78/","Opinião"
"Edição 77","Poderes e responsabilidades","Unesp Ciência","http://www.unespciencia.com.br/2016/08/editorial-11/","Editorial"
"Edição 77","Batman x Superman","Unesp Ciência","http://www.unespciencia.com.br/2016/08/77-materia-capa/","Cultura de massa"
"Edição 77","Processo fundamental para consolidação","Unesp Ciência","http://www.unespciencia.com.br/2016/08/77-inter/","Internacionalização"
"Edição 77","Personagens reais com capacidade acima da média","Unesp Ciência","http://www.unespciencia.com.br/2016/08/77-cinema/","Cinema"
"Edição 77","Raduan Nassar vence o Camões 2016","Unesp Ciência","http://www.unespciencia.com.br/2016/08/77-literatura/","Literatura"
"Edição 77","Estados contra trabalhadores","Unesp Ciência","http://www.unespciencia.com.br/2016/08/77-politica/","Política"
"Edição 77","A Itália atual pode servir de modelo para o Brasil?","Unesp Ciência","http://www.unespciencia.com.br/2016/08/77-sociedade/","Sociedade"
"Edição 77","Celso Amorim revela a política brasileira de Defesa Nacional","Unesp Ciência","http://www.unespciencia.com.br/2016/08/77-leitura/","Leitura"
"Edição 77","Vacinação: sucessos e desafios","Unesp Ciência","http://www.unespciencia.com.br/2016/08/77-saude/","Saúde coletiva"
"Edição 77","A importância dos artefatos digitais","Unesp Ciência","http://www.unespciencia.com.br/2016/08/77-democracia/","Democracia"
"Edição 77","A histórica cidade de Palmyra","Unesp Ciência","http://www.unespciencia.com.br/2016/08/77-terrorismo/","Terrorismo"
"Edição 77","Um profissional que sabe onde pisa","Unesp Ciência","http://www.unespciencia.com.br/2016/08/77-geologia/","Geologia"
"Edição 77","CD Miniaturas de Oswald","Unesp Ciência","http://www.unespciencia.com.br/2016/08/77-arte-cultura/","Arte e cultura"
"Edição 77","Luz e trevas, em ópera clássica de Mozart","Unesp Ciência","http://www.unespciencia.com.br/2016/08/77-foto-mes/","Foto do mês"
"Edição 77","Por que realizar o manejo de irrigação?","Unesp Ciência","http://www.unespciencia.com.br/2016/08/77-opiniao/","Opinião"
"Edição 76","O impossível não existe","Unesp Ciência","http://www.unespciencia.com.br/2016/07/editorial-10/","Editorial"
"Edição 76","Tradição e vanguarda no ensino de ecologia para graduandos","Unesp Ciência","http://www.unespciencia.com.br/2016/07/ecologia-7/","40 anos do curso de Ecologia de Rio Claro"
"Edição 76","Mas o que é terrorismo, afinal?","Unesp Ciência","http://www.unespciencia.com.br/2016/07/terrorismo/","Terrorismo"
"Edição 76","O retrocesso da lei ambiental","Unesp Ciência","http://www.unespciencia.com.br/2016/07/codigo-florestal/","Código Florestal"
"Edição 76","O “patinho feio” das fontes geradoras","Unesp Ciência","http://www.unespciencia.com.br/2016/07/energia/","Energia"
"Edição 76","Obrigado, Muhammad Ali-Haj","Unesp Ciência","http://www.unespciencia.com.br/2016/07/muhammad/","Memória"
"Edição 76","Por que celebrar o Dia Internacional dos Arquivos?","Unesp Ciência","http://www.unespciencia.com.br/2016/07/arquivologia/","Arquivologia"
"Edição 76","Uma via irônica para a poesia moderna","Unesp Ciência","http://www.unespciencia.com.br/2016/07/poesia/","Poesia"
"Edição 76","Italianidade no interior paulista","Unesp Ciência","http://www.unespciencia.com.br/2016/07/leitura-4/","Leitura"
"Edição 76","O gênio inquieto de Leonardo da Vinci","Unesp Ciência","http://www.unespciencia.com.br/2016/07/educacao-76/","Educação"
"Edição 76","O pícaro Miguel de Cervantes","Unesp Ciência","http://www.unespciencia.com.br/2016/07/homenagem-76/","Homenagem"
"Edição 76","Objeto cerâmico como elemento da cultura","Unesp Ciência","http://www.unespciencia.com.br/2016/07/arte-cultura-76/","Arte e cultura"
"Edição 76","Dia da Europa","Unesp Ciência","http://www.unespciencia.com.br/2016/07/europa-76/","Política Internacional"
"Edição 76","Academia Brasileira de Ciências completa 100 anos","Unesp Ciência","http://www.unespciencia.com.br/2016/07/solenidade-76/","Solenidade"
"Edição 76","Homenagem a Érik Satie","Unesp Ciência","http://www.unespciencia.com.br/2016/07/foto-mes-76/","Foto do mês"
"Edição 76","Língua, ideologia e empoderamento","Unesp Ciência","http://www.unespciencia.com.br/2016/07/opiniao-76/","Opinião"
"Edição 75","Quanto alimento!","Unesp Ciência","http://www.unespciencia.com.br/2016/06/editorial-9/","Editorial"
"Edição 75","A extensão universitária no processo de formação do Ecólogo","Unesp Ciência","http://www.unespciencia.com.br/2016/06/ecologia-6/","40 anos do curso de Ecologia de Rio Claro"
"Edição 75","Combate ao bullying","Unesp Ciência","http://www.unespciencia.com.br/2016/06/bullying/","Comportamento"
"Edição 75","Aspectos gerais da cultura do feijão","Unesp Ciência","http://www.unespciencia.com.br/2016/06/feijao/","Agronomia"
"Edição 75","As práticas musicais nos tempos de padre Cícero","Unesp Ciência","http://www.unespciencia.com.br/2016/06/musicologia/","Musicologia"
"Edição 75","Legislativo e Política Externa Brasileira","Unesp Ciência","http://www.unespciencia.com.br/2016/06/politica-externa/","Relações Internacionais"
"Edição 75","A puericultura da criança portadora de síndrome de Down","Unesp Ciência","http://www.unespciencia.com.br/2016/06/pediatria/","Pediatria"
"Edição 75","Novo filme de Pedro Almodóvar","Unesp Ciência","http://www.unespciencia.com.br/2016/06/filmes/","Cinema"
"Edição 75","O reconhecimento de nossa história","Unesp Ciência","http://www.unespciencia.com.br/2016/06/afro-75/","Dossiê Afrodescendentes"
"Edição 75","Produções acadêmicas sobre crianças negras","Unesp Ciência","http://www.unespciencia.com.br/2016/06/afro-75/","Dossiê Afrodescendentes"
"Edição 75","A importância de ser feliz","Unesp Ciência","http://www.unespciencia.com.br/2016/06/ser-feliz-75/","Convivência"
"Edição 75","Indispensavelmente feliz","Unesp Ciência","http://www.unespciencia.com.br/2016/06/ser-feliz-75/","Convivência"
"Edição 75","Historiador explora as raízes do capitalismo","Unesp Ciência","http://www.unespciencia.com.br/2016/06/leitura-3/","Leitura"
"Edição 75","Instalações pianísticas","Unesp Ciência","http://www.unespciencia.com.br/2016/06/arte-cultura-75/","Arte e cultura"
"Edição 75","Ensino de física","Unesp Ciência","http://www.unespciencia.com.br/2016/06/foto-mes-75/","Foto do mês"
"Edição 75","Uma urgência de saúde pública","Unesp Ciência","http://www.unespciencia.com.br/2016/06/hipertensao-75/","Hipertensão"
"Edição 75","Um turismo melhor","Unesp Ciência","http://www.unespciencia.com.br/2016/06/opiniao-75/","Opinião"
"Edição 74","Para aliviar a canseira da existência humana","Unesp Ciência","http://www.unespciencia.com.br/2016/05/editorial-8/","Editorial"
"Edição 74","Muito além dos pardais","Unesp Ciência","http://www.unespciencia.com.br/2016/05/ecologia-5/","40 anos do curso de Ecologia de Rio Claro"
"Edição 74","O maestro e autor Umberto Eco","Unesp Ciência","http://www.unespciencia.com.br/2016/05/homenagem-2/","Homenagem"
"Edição 74","Umberto Eco e o valor da verdadeira erudição","Unesp Ciência","http://www.unespciencia.com.br/2016/05/homenagem-2/","Homenagem"
"Edição 74","Saúde e Sociedade","Unesp Ciência","http://www.unespciencia.com.br/2016/05/saude/","Saúde"
"Edição 74","Reforma previdenciária","Unesp Ciência","http://www.unespciencia.com.br/2016/05/reforma-previdenciaria/","Administração pública"
"Edição 74","Visões sobre as mulheres","Unesp Ciência","http://www.unespciencia.com.br/2016/05/mulheres/","Administração pública"
"Edição 74","O feminismo e a obra de Simone de Beauvoir","Unesp Ciência","http://www.unespciencia.com.br/2016/05/mulheres/","Administração pública"
"Edição 74","O perdão da pena para as mulheres esquecidas","Unesp Ciência","http://www.unespciencia.com.br/2016/05/mulheres/","Administração pública"
"Edição 74","Saga das mulheres","Unesp Ciência","http://www.unespciencia.com.br/2016/05/mulheres/","Administração pública"
"Edição 74","Um poema para as mulheres do Brasil","Unesp Ciência","http://www.unespciencia.com.br/2016/05/mulheres/","Administração pública"
"Edição 74","Críticas cinematográficas de Guilherme de Almeida","Unesp Ciência","http://www.unespciencia.com.br/2016/05/leitura-2/","Leitura"
"Edição 74","Filmes que concorreram ao Oscar são analisados","Unesp Ciência","http://www.unespciencia.com.br/2016/05/filmes-oscar/","Cinema"
"Edição 74","Gênese do 1.º de maio – José Luiz Del Roio","Unesp Ciência","http://www.unespciencia.com.br/2016/05/dia-do-trabalho/","Dia do Trabalho"
"Edição 74","Os caminhos que tomamos","Unesp Ciência","http://www.unespciencia.com.br/2016/05/ficcao/","Ficção"
"Edição 74","Artemídia Influente","Unesp Ciência","http://www.unespciencia.com.br/2016/05/arte-cultura-2/","Arte e cultura"
"Edição 74","Nova diretoria na Associação Brasileira de Editores Científicos","Unesp Ciência","http://www.unespciencia.com.br/2016/05/foto-mes-3/","Foto do mês"
"Edição 74","Facetas do Livro Didático","Unesp Ciência","http://www.unespciencia.com.br/2016/05/opiniao-3/","Opinião"
"Edição 73","A importância da ciência","Unesp Ciência","http://www.unespciencia.com.br/2016/04/editorial-7/","Editorial"
"Edição 73","Estudos Ecológicos na Bacia Hidrográfica do Rio Itanhaém","Unesp Ciência","http://www.unespciencia.com.br/2016/04/ecologia-4/","40 anos do curso de Ecologia de Rio Claro"
"Edição 73","Livro São Paulo em 200 imagens","Unesp Ciência","http://www.unespciencia.com.br/2016/04/historia/","História"
"Edição 73","Dados inéditos da geologia do petróleo no país  –  Oscar D’Ambrosio","Unesp Ciência","http://www.unespciencia.com.br/2016/04/geologia/","Geologia"
"Edição 73","O corpo e os múltiplos sentidos na cultura religiosa afro-brasileira do candomblé –  Sérgio Roberto Silveira","Unesp Ciência","http://www.unespciencia.com.br/2016/04/dossie-afro/","Dossiê Afrodescendentes"
"Edição 73","Microcefalia: professor analisa legislação sobre o aborto","Unesp Ciência","http://www.unespciencia.com.br/2016/04/entrevista/","Entrevista"
"Edição 73","(Reportagem de Maristela Garmes)","Unesp Ciência","http://www.unespciencia.com.br/2016/04/entrevista/","Entrevista"
"Edição 73","Os métodos de ensinar os tons em Mandarim","Unesp Ciência","http://www.unespciencia.com.br/2016/04/china/","China"
"Edição 73","As vendedoras de hortaliças de Shanghai","Unesp Ciência","http://www.unespciencia.com.br/2016/04/fotografia/","Fotografia"
"Edição 73","Filósofo analisa atores, valores e instituições","Unesp Ciência","http://www.unespciencia.com.br/2016/04/leitura/","Leitura"
"Edição 73","O filho de Saul em Auschwitz","Unesp Ciência","http://www.unespciencia.com.br/2016/04/cinema/","Cinema"
"Edição 73","Joy como personificação do empreendedorismo","Unesp Ciência","http://www.unespciencia.com.br/2016/04/inovacao/","Inovação"
"Edição 73","Educação Especial","Unesp Ciência","http://www.unespciencia.com.br/2016/04/foto-mes-2/","Foto do mês"
"Edição 73","História Mundial na Base Nacional Curricular","Unesp Ciência","http://www.unespciencia.com.br/2016/04/opiniao-2/","Opinião"
"Edição 72","Diversidade de temas","Unesp Ciência","http://www.unespciencia.com.br/2016/03/diversidade-de-temas/","Editorial"
"Edição 72","Os 40 anos de uma universidade vencedora","Unesp Ciência","http://www.unespciencia.com.br/2016/03/quatro-decadas-de-historia/","Unesp 40 anos"
"Edição 72","Fruto dos primeiros 40. Parte dos próximos 40","Unesp Ciência","http://www.unespciencia.com.br/2016/03/quatro-decadas-de-historia/","Unesp 40 anos"
"Edição 72","Loucos há 40 anos","Unesp Ciência","http://www.unespciencia.com.br/2016/03/quatro-decadas-de-historia/","Unesp 40 anos"
"Edição 72","Olhares ecológicos: combinando tecnologias para o estudo dos ecossistemas","Unesp Ciência","http://www.unespciencia.com.br/2016/03/ecologia/","40 anos do curso de Ecologia de Rio Claro"
"Edição 72","Base Nacional Comum Curricular em debate","Unesp Ciência","http://www.unespciencia.com.br/2016/03/base-nacional/","Educação"
"Edição 72","Mudanças estruturais na formação de docentes","Unesp Ciência","http://www.unespciencia.com.br/2016/03/livro/","Leitura"
"Edição 72","Riscos à saúde humana, segurança ocupacional e ambiental da nanotecnologia","Unesp Ciência","http://www.unespciencia.com.br/2016/03/nanomateriais/","Nanomateriais"
"Edição 72","Fortalecimento e expansão de valores","Unesp Ciência","http://www.unespciencia.com.br/2016/03/direitos-humanos/","Direitos humanos"
"Edição 72","Ainda a questão das cotas raciais","Unesp Ciência","http://www.unespciencia.com.br/2016/03/decada-internacional/","Dossiê Afrodescendentes"
"Edição 72","Pela efetivação dos direitos das comunidades quilombolas","Unesp Ciência","http://www.unespciencia.com.br/2016/03/decada-internacional/","Dossiê Afrodescendentes"
"Edição 72","Reflexões sobre uma epidemia","Unesp Ciência","http://www.unespciencia.com.br/2016/03/mosquito/","Saúde pública"
"Edição 72","Epidemia de dengue","Unesp Ciência","http://www.unespciencia.com.br/2016/03/mosquito/","Saúde pública"
"Edição 72","Reflexão sobre dengue em 35 anos de transmissão","Unesp Ciência","http://www.unespciencia.com.br/2016/03/mosquito/","Saúde pública"
"Edição 72","Absurdo inumano","Unesp Ciência","http://www.unespciencia.com.br/2016/03/absurdo-inumano/","Terrorismo"
"Edição 72","A evolução do romance policial best-seller","Unesp Ciência","http://www.unespciencia.com.br/2016/03/literatura/","Literatura"
"Edição 72","Mapa Cultural promove exposição","Unesp Ciência","http://www.unespciencia.com.br/2016/03/arte-cultura/","Arte e cultura"
"Edição 72","Momento da assinatura","Unesp Ciência","http://www.unespciencia.com.br/2016/03/foto-mes/","Foto do mês"
"Edição 72","Chico Buarque não precisa ser defendido","Unesp Ciência","http://www.unespciencia.com.br/2016/03/opiniao/","Opinião"
"Edição 71","Valorização do passado de olho no futuro","Unesp Ciência","http://www.unespciencia.com.br/2016/02/valorizacao-do-passado-de-olho-no-futuro/","Editorial"
"Edição 71","Conceito do Logotipo","Unesp Ciência","http://www.unespciencia.com.br/2016/02/conceito-do-logotipo/","Unesp 40 anos"
"Edição 71","Relato de uma caminhada","Unesp Ciência","http://www.unespciencia.com.br/2016/02/relato-de-uma-caminhada/","Unesp 40 anos"
"Edição 71","40 anos do curso de Ecologia de Rio Claro","Unesp Ciência","http://www.unespciencia.com.br/2016/02/40-anos-do-curso-de-ecologia-de-rio-claro/","Unesp 40 anos"
"Edição 71","Homenagem","Unesp Ciência","http://www.unespciencia.com.br/2016/02/ze-enio-o-diretor/","Unesp 40 anos"
"Edição 71","Proteção de manancial de abastecimento público","Unesp Ciência","http://www.unespciencia.com.br/2016/02/protecao-de-manancial-de-abastecimento-publico/","Ambiente"
"Edição 71","Encontro da Arte com a Ciência e a Tecnologia","Unesp Ciência","http://www.unespciencia.com.br/2016/02/encontro-da-arte-com-a-ciencia-e-a-tecnologia/","Inclusão"
"Edição 71","Exposição Retornare reúne alunos formados pela Unesp","Unesp Ciência","http://www.unespciencia.com.br/2016/02/exposicao-retornare-reune-alunos-formados-pela-unesp/","Arte e cultura"
"Edição 71","Justiça, reconhecimento e desenvolvimento","Unesp Ciência","http://www.unespciencia.com.br/2016/02/artigos-discutem-decada-internacional/","Dossiê Afrodescendentes"
"Edição 71","A volta dos mutirões das roças tradicionais na Comunidade de Pedro Cubas, Vale do Ribeira","Unesp Ciência","http://www.unespciencia.com.br/2016/02/artigos-discutem-decada-internacional/","Dossiê Afrodescendentes"
"Edição 71","O Estado Islâmico e o Terrorismo Internacional","Unesp Ciência","http://www.unespciencia.com.br/2016/02/atentados-de-paris/","Dossiê Paris"
"Edição 71","A “nova” guerra ao terror","Unesp Ciência","http://www.unespciencia.com.br/2016/02/atentados-de-paris/","Dossiê Paris"
"Edição 71","Inserção da mulher no sistema de seguridade brasileiro","Unesp Ciência","http://www.unespciencia.com.br/2016/02/insercao-da-mulher-no-sistema-de-seguridade-brasileiro/","Serviço social"
"Edição 71","O narcisismo epistêmico elevado ao quadrado","Unesp Ciência","http://www.unespciencia.com.br/2016/02/o-narcisismo-epistemico-elevado-ao-quadrado/","Resenhas"
"Edição 71","Belíssimo e rigoroso livro","Unesp Ciência","http://www.unespciencia.com.br/2016/02/belissimo-e-rigoroso-livro/","Resenhas"
"Edição 71","Emília Viotti investiga o passado para imaginar o futuro","Unesp Ciência","http://www.unespciencia.com.br/2016/02/emilia-viotti-investiga-o-passado-para-imaginar-o-futuro/","Leitura"
"Edição 71","Por Luiz Rocatelli/Arquivo Cedem","Unesp Ciência","http://www.unespciencia.com.br/2016/02/foto-do-mes-3/","Foto do mês"
"Edição 71","Em prol da consolidação da Universidade Pública","Unesp Ciência","http://www.unespciencia.com.br/2016/02/em-prol-da-consolidacao-da-universidade-publica/","Opinião"
"Edição 70","Aprendizado profissional e humano","Unesp Ciência","http://www.unespciencia.com.br/2015/12/aprendizado-profissional-e-humano/","Editorial"
"Edição 70","Professores, alicerces para uma “pátria educadora”– Por Vanderlan da S. Bolzani","Unesp Ciência","http://www.unespciencia.com.br/2015/12/3070/","Educação"
"Edição 70","Pesquisa enfoca imprensa e música no Brasil","Unesp Ciência","http://www.unespciencia.com.br/2015/12/pesquisa-enfoca-imprensa-e-musica-no-brasil/","Pesquisa"
"Edição 70","Guerra cambial? Dos Estados Unidos à China","Unesp Ciência","http://www.unespciencia.com.br/2015/12/guerra-cambial-dos-estados-unidos-a-china/","Economia"
"Edição 70","Família Williams","Unesp Ciência","http://www.unespciencia.com.br/2015/12/familia-williams/","Saúde"
"Edição 70","A controvérsia na e composição da mata ciliar","Unesp Ciência","http://www.unespciencia.com.br/2015/12/a-controversia-na-recomposicao-da-mata-ciliar/","Agronomia"
"Edição 70","Paracelsus e os venenos","Unesp Ciência","http://www.unespciencia.com.br/2015/12/paracelsus-e-os-venenos/","Agricultura"
"Edição 70","Programa infantil da TV Unesp inova com interatividade","Unesp Ciência","http://www.unespciencia.com.br/2015/12/programa-infantil-da-tv-unesp-inova-com-interatividade/","Televisão"
"Edição 70","Musicalidades da Cultura Negra: perpetuação de identidade coletiva","Unesp Ciência","http://www.unespciencia.com.br/2015/12/campos-simbolicos-e-politicas-publicas-em-discussao/","Dossiê Afrodescendentes"
"Edição 70","Políticas públicas para o setor do livro, leitura, literatura e bibliotecas","Unesp Ciência","http://www.unespciencia.com.br/2015/12/campos-simbolicos-e-politicas-publicas-em-discussao/","Dossiê Afrodescendentes"
"Edição 70","Enciclopédia Iluminista de Diderot e d’Alembert","Unesp Ciência","http://www.unespciencia.com.br/2015/12/enciclopedia-iluminista-de-diderot-e-dalembert/","Leitura"
"Edição 70","Mundo possível contemporâneo","Unesp Ciência","http://www.unespciencia.com.br/2015/12/mundo-possivel-contemporaneo/","Design"
"Edição 70","Um Nobel surpresa?","Unesp Ciência","http://www.unespciencia.com.br/2015/12/um-nobel-surpresa/","Dossiê Nobel"
"Edição 70","Nobel de Medicina de 2015","Unesp Ciência","http://www.unespciencia.com.br/2015/12/3175/","Dossiê Nobel"
"Edição 70","Exposição Na Boca do Sol","Unesp Ciência","http://www.unespciencia.com.br/2015/12/exposicao-na-boca-do-sol/","Arte e cultura"
"Edição 70","Programa Nacional de Fortalecimento da Agricultura Familiar","Unesp Ciência","http://www.unespciencia.com.br/2015/12/pronaf/","Geografia"
"Edição 70","Homenagem: Martha Herr","Unesp Ciência","http://www.unespciencia.com.br/2015/12/homenagem/","Foto do mês"
"Edição 70","Sobre sucuris na mídia","Unesp Ciência","http://www.unespciencia.com.br/2015/12/sobre-sucuris-na-midia/","Opinião"
"Edição 69","Educação para superar a violência","Unesp Ciência","http://www.unespciencia.com.br/2015/11/educacao-para-superar-a-violencia/","Editorial"
"Edição 69","Oliver Sacks, o explorador","Unesp Ciência","http://www.unespciencia.com.br/2015/11/oliver-sacks-o-explorador/","Homenagem"
"Edição 69","20 anos sem Florestan Fernandes","Unesp Ciência","http://www.unespciencia.com.br/2015/11/20-anos-sem-florestan-fernandes/","Memória"
"Edição 69","Ciência de qualidade","Unesp Ciência","http://www.unespciencia.com.br/2015/11/ciencia-de-qualidade/","Universidade"
"Edição 69","O medo da igualdade racial e o usufruto coletivo da justiça","Unesp Ciência","http://www.unespciencia.com.br/2015/11/questao-racial-brasileira-em-foco/","Dossiê afrodescendentes"
"Edição 69","Rap: a diáspora negra do asfalto","Unesp Ciência","http://www.unespciencia.com.br/2015/11/questao-racial-brasileira-em-foco/","Dossiê afrodescendentes"
"Edição 69","Um estigma entre nós","Unesp Ciência","http://www.unespciencia.com.br/2015/11/um-estigma-entre-nos/","Comportamento"
"Edição 69","O exercício profissional dos egressos dos cursos de públicas","Unesp Ciência","http://www.unespciencia.com.br/2015/11/caminhos-da-administracao-publica/","Dossiê Administração Pública"
"Edição 69","Uma nova administração pública no Brasil","Unesp Ciência","http://www.unespciencia.com.br/2015/11/caminhos-da-administracao-publica/","Dossiê Administração Pública"
"Edição 69","A criança, o adolescente e o trabalho","Unesp Ciência","http://www.unespciencia.com.br/2015/11/a-crianca-o-adolescente-e-o-trabalho/","Psicologia"
"Edição 69","Uma explicação estrutural dos impasses brasileiros atuais","Unesp Ciência","http://www.unespciencia.com.br/2015/11/uma-explicacao-estrutural-dos-impasses-brasileiros-atuais/","Economia"
"Edição 69","Novas regras incentivam parto normal","Unesp Ciência","http://www.unespciencia.com.br/2015/11/novas-regras-incentivam-parto-normal/","Medicina"
"Edição 69","Exposição de estudantes do Instituto de Artes","Unesp Ciência","http://www.unespciencia.com.br/2015/11/exposicao-de-estudantes-do-instituto-de-artes/","Arte e cultura"
"Edição 69","Trajetória de vida de adolescentes com envolvimento no tráfico","Unesp Ciência","http://www.unespciencia.com.br/2015/11/trajetorias-de-vida-de-adolescentes-com-envolvimento-no-trafico/","Pesquisa"
"Edição 69","Festival de Pipas reúne mais de 6 mil participantes","Unesp Ciência","http://www.unespciencia.com.br/2015/11/festival-de-pipas-reune-mais-de-6-mil-participantes/","Lazer"
"Edição 69","A representação do crime coletivo na imprensa","Unesp Ciência","http://www.unespciencia.com.br/2015/11/a-representacao-do-crime-coletivo-na-imprensa/","História"
"Edição 69","Livro aborda instabilidade mundial","Unesp Ciência","http://www.unespciencia.com.br/2015/11/livro-aborda-instabilidade-mundial/","Leitura"
"Edição 69","Percival Tirapeli em retrospectiva","Unesp Ciência","http://www.unespciencia.com.br/2015/11/percival-tirapeli-em-retrospectiva/","Foto do mês"
"Edição 69","A inovação na Universidade","Unesp Ciência","http://www.unespciencia.com.br/2015/11/a-inovacao-na-universidade/","Opinião"
"Edição 68","Abordagens competentes e criativas","Unesp Ciência","http://www.unespciencia.com.br/?p=2918","Editorial"
"Edição 68","Para saber mais de ciência e tecnologia","Unesp Ciência","http://www.unespciencia.com.br/2015/10/para-saber-mais-de-ciencia-e-tecnologia/","Educação"
"Edição 68","A variação lexical de falares interioranos","Unesp Ciência","http://www.unespciencia.com.br/2015/10/a-variacao-lexical-de-falares-interioranos/","Pesquisa"
"Edição 68","A relação entre tributação e oferta de serviços públicos","Unesp Ciência","http://www.unespciencia.com.br/2015/10/a-relacao-entre-tributacao-e-oferta-de-servicos-publicos/","Economia"
"Edição 68","O vazio da política externa","Unesp Ciência","http://www.unespciencia.com.br/2015/10/alvo-facil-de-criticas/","Dossiê política externa"
"Edição 68","Os interesses da oposição brasileira na Venezuela","Unesp Ciência","http://www.unespciencia.com.br/2015/10/alvo-facil-de-criticas/","Dossiê política externa"
"Edição 68","Pontapé inicial contra a malária","Unesp Ciência","http://www.unespciencia.com.br/2015/10/pontape-inicial-contra-a-malaria/","Saúde"
"Edição 68","A literatura africana como possibilidade de ensino de História da África","Unesp Ciência","http://www.unespciencia.com.br/2015/10/textos-enfocam-literatura-e-educacao-em-direitos-humanos-e-antirracismo/","Dossiê afrodescendentes"
"Edição 68","Educação em Direitos Humanos e Antirracismo","Unesp Ciência","http://www.unespciencia.com.br/2015/10/textos-enfocam-literatura-e-educacao-em-direitos-humanos-e-antirracismo/","Dossiê afrodescendentes"
"Edição 68","Laboratório de Percussão do Instituto de Artes","Unesp Ciência","http://www.unespciencia.com.br/?p=2753","Música"
"Edição 68","Engenharia Cartográfica da Unesp completa 38 anos","Unesp Ciência","http://www.unespciencia.com.br/2015/10/engenharia-cartografica-da-unesp-completa-38-anos/","Memória"
"Edição 68","Educação superior nos Estados Unidos","Unesp Ciência","http://www.unespciencia.com.br/2015/10/educacao-superior-nos-estados-unidos/","Leitura"
"Edição 68","Via pública x criações privadas","Unesp Ciência","http://www.unespciencia.com.br/2015/10/via-publica-x-criacoes-privadas/","Arquitetura"
"Edição 68","Perspectivas para a silvicultura irrigada","Unesp Ciência","http://www.unespciencia.com.br/2015/10/perspectivas-para-a-silvicultura-irrigada/","Agronomia"
"Edição 68","Internet: qual é o seu ponto na rede?","Unesp Ciência","http://www.unespciencia.com.br/2015/10/internet-qual-e-o-seu-ponto-na-rede/","Mundo virtual"
"Edição 68","Sem querer abarcar toda a água que nos cerca","Unesp Ciência","http://www.unespciencia.com.br/2015/10/sem-querer-abarcar-toda-a-agua-que-nos-cerca/","Artes visuais"
"Edição 68","A incrível aventura de Mariana","Unesp Ciência","http://www.unespciencia.com.br/2015/10/a-incrivel-aventura-de-mariana/","Foto do mês"
"Edição 68","O problema da poluição da baía de Guanabara","Unesp Ciência","http://www.unespciencia.com.br/2015/10/o-problema-da-poluicao-da-baia-de-guanabara/","Opinião"
"Edição 67","Nova estratégia nas mídias sociais","Unesp Ciência","http://www.unespciencia.com.br/2015/09/nova-estrategia-nas-midias-sociais/","Editorial"
"Edição 67","A Universidade no CEU: Uma Proposta de Democratização do Ensino Superior","Unesp Ciência","http://www.unespciencia.com.br/2015/09/a-universidade-no-ceu-uma-proposta-de-democratizacao-do-ensino-superior/","Ensino"
"Edição 67","Da bancada ao leito do paciente","Unesp Ciência","http://www.unespciencia.com.br/?p=2403","Entrevista"
"Edição 67","Ano Internacional dos Solos","Unesp Ciência","http://www.unespciencia.com.br/?p=2401","Ambiente"
"Edição 67","A alternância entre sucesso e esquecimento","Unesp Ciência","http://www.unespciencia.com.br/2015/09/a-alternancia-entre-sucesso-e-esquecimento/","Literatura"
"Edição 67","Pormenores dos acordos climáticos","Unesp Ciência","http://www.unespciencia.com.br/?p=2395","Clima"
"Edição 67","Desafios para o etanol brasileiro","Unesp Ciência","http://www.unespciencia.com.br/?p=2393","Energia"
"Edição 67","Plutão e Caronte vistos de perto","Unesp Ciência","http://www.unespciencia.com.br/?p=2391","Astronomia"
"Edição 67","A contemporaneidade latino-americana em tempos democráticos","Unesp Ciência","http://www.unespciencia.com.br/?p=2389","História"
"Edição 67","O narcotráfico mexicano","Unesp Ciência","http://www.unespciencia.com.br/?p=2387","México"
"Edição 67","O sistema penitenciário","Unesp Ciência","http://www.unespciencia.com.br/2015/09/estado-mexicano-em-xeque/","México"
"Edição 67","Estudo analisa e descreve interações no programa teletandem","Unesp Ciência","http://www.unespciencia.com.br/?p=2385","Pesquisa"
"Edição 67","Legislação e educação étnico-racial","Unesp Ciência","http://www.unespciencia.com.br/?p=2383","Dossiê Afrodescendentes"
"Edição 67","Ladeiras da Memória: uma narrativa paulistana","Unesp Ciência","http://www.unespciencia.com.br/2015/09/laboratorio-e-…-etnico-racial/","Dossiê Afrodescendentes"
"Edição 67","Casamento e moral","Unesp Ciência","http://www.unespciencia.com.br/2015/09/casamento-e-moral/","Filosofia"
"Edição 67","Scola conta Fellini","Unesp Ciência","http://www.unespciencia.com.br/?p=2379","Cinema"
"Edição 67","Reflexão sobre a música erudita na atualidade","Unesp Ciência","http://www.unespciencia.com.br/?p=2377","Arte e cultura"
"Edição 67","La Serva Padrona","Unesp Ciência","http://www.unespciencia.com.br/?p=2375","Foto do mês"
"Edição 67","Manadas e futuro","Unesp Ciência","http://www.unespciencia.com.br/?p=2373","Opinião"
"Edição 66","Ciência sai do domínio exclusivista dos sábios","Unesp Ciência","http://wp.me/p5MUPu-zY","Editorial"
"Edição 66","Unesp: 40 para trás, 40 para a frente","Unesp Ciência","http://wp.me/p5MUPu-A0","Aniversário"
"Edição 66","Paradigmas e Avaliação","Unesp Ciência","http://wp.me/p5MUPu-A2","Ciência"
"Edição 66","Dia dos Químicos","Unesp Ciência","http://wp.me/p5MUPu-A8","Homenagem"
"Edição 66","Artigo ‘Bom Dia, Chicago!’","Unesp Ciência","http://wp.me/p5MUPu-Ab","Agricultura"
"Edição 66","Família e cooperativismo","Unesp Ciência","http://wp.me/p5MUPu-Ad","Serviço social"
"Edição 66","Alternativas para aumentar o volume de água em reservatórios","Unesp Ciência","http://wp.me/p5MUPu-Af","Crise hídrica"
"Edição 66","Desafios do ir e vir","Unesp Ciência","http://wp.me/p5MUPu-Ai","Imigração"
"Edição 66","Inteligência artificial, educação e psicologia","Unesp Ciência","http://wp.me/p5MUPu-Ak","Cinema"
"Edição 66","Sete ensaios sobre o Brasil","Unesp Ciência","http://wp.me/p5MUPu-Am","Sociologia"
"Edição 66","Violência engole as próximas gerações","Unesp Ciência","http://wp.me/p5MUPu-Ap","Dossiê Afrodescendentes"
"Edição 66","Trajetória histórica de Gertrudes Maria","Unesp Ciência","http://wp.me/p5MUPu-Ap","Dossiê Afrodescendentes"
"Edição 66","Paisagens sonoras são tema de pesquisa de doutorado","Unesp Ciência","http://wp.me/p5MUPu-At","Arte e cultura"
"Edição 66","Grupo de Estudos Pedagógicos e Pesquisa em Atletismo","Unesp Ciência","http://wp.me/p5MUPu-Av","Educação Física"
"Edição 66","A nova obscuridade","Unesp Ciência","http://wp.me/p5MUPu-Ax","Leitura"
"Edição 66","Recital e masterclass","Unesp Ciência","http://wp.me/p5MUPu-Az","Foto do mês"
"Edição 66","O desequilíbrio nas contas dos Estados","Unesp Ciência","http://wp.me/p5MUPu-AB","Opinião"
"Edição 65","As dimensões do tempo","Unesp Ciência","http://wp.me/p5MUPu-yO","Editorial"
"Edição 65","Fogueira milenar – Por Paulo Velloso","Unesp Ciência","http://wp.me/p5MUPu-xb","Homenagem"
"Edição 65","A corrupção como arma política","Unesp Ciência","http://wp.me/p5MUPu-x8","Dossiê Corrupção"
"Edição 65","O controle da corrupção","Unesp Ciência","http://wp.me/p5MUPu-x8","Dossiê Corrupção"
"Edição 65","Corrupção aqui e acolá","Unesp Ciência","http://wp.me/p5MUPu-x8","Dossiê Corrupção"
"Edição 65","Do escândalo da FIFA à política do futebol","Unesp Ciência","http://wp.me/p5MUPu-x8","Dossiê Corrupção"
"Edição 65","O Afro Contemporâneo nas Artes Cênicas","Unesp Ciência","http://wp.me/p5MUPu-x6","Diáspora Africana"
"Edição 65","Desafios educacionais – Maria Claudia Brito","Unesp Ciência","http://wp.me/p5MUPu-x0","Inclusão"
"Edição 65","Comprometimento da capacidade de interação não deve ser impedimento – Eliana Marques Zanata","Unesp Ciência","http://wp.me/p5MUPu-x0","Inclusão"
"Edição 65","Centro de Pesquisa e Análise de São Paulo","Unesp Ciência","http://wp.me/p5MUPu-x4","Pesquisa"
"Edição 65","O lado oculto da natureza – Oscar D’Ambrosio","Unesp Ciência","http://wp.me/p5MUPu-x2","Nanoarte"
"Edição 65","Libras por uma Educação Inclusiva – Jessica Miwa / Soraia Marino","Unesp Ciência","http://wp.me/p5MUPu-wY","Educação"
"Edição 65","Um genocídio quase esquecido – Carlos Daghlian","Unesp Ciência","http://wp.me/p5MUPu-wW","Memória"
"Edição 65","Uma lista que não é a de Schindler – joão eduardo hidalgo","Unesp Ciência","http://wp.me/p5MUPu-wU","Cinema"
"Edição 65","Onde está o bibliotecário? – Bruna Bacalgini","Unesp Ciência","http://wp.me/p5MUPu-wS","Informação"
"Edição 65","Da libertinagem no Brasil colonial","Unesp Ciência","http://wp.me/p5MUPu-wQ","História"
"Edição 65","Livro discute gênero nas ciências sociais – Danielle Chabaud-Rychter / Virginie Descoutures  / Anne-Marie Devreux / Eleni Varikas","Unesp Ciência","http://wp.me/p5MUPu-wO","Leitura"
"Edição 65","Diálogo entre musicologia e interpretação – Oscar d’Ambrosio","Unesp Ciência","http://wp.me/p5MUPu-wM","Arte"
"Edição 65","80 anos do maestro Samuel Kerr – Chello Fotógrafo","Unesp Ciência","http://wp.me/p5MUPu-wK","Foto do mês"
"Edição 65","John Forbes Nash (1923/2015) – Ney Lemke","Unesp Ciência","http://wp.me/p5MUPu-wI","Opinião"
"Edição 64","Em busca do Coelho Branco, como Alice","Unesp Ciência","","Editorial"
"Edição 64","Uma experiência empolgante","Unesp Ciência","","Personalidade"
"Edição 64","Educação, ensino médio, português","Unesp Ciência","","Ensino"
"Edição 64","Para além do ENEM – Raquel Lazzari Leite","Unesp Ciência","","Ensino"
"Edição 64","Adeus, Manoel de Oliveira (11/12/1908","Unesp Ciência","","Homenagem"
"Edição 64","Desafio fora de estrada, por Maria Tebet e Mayara Abreu Mendes","Unesp Ciência","","Competição"
"Edição 64","Nossa eterna Alice","Unesp Ciência","","Aniversário"
"Edição 64","Estudantes com altas habilidades ou superdotação","Unesp Ciência","","Inclusão"
"Edição 64","Junho de 2013 no Brasil","Unesp Ciência","","Política"
"Edição 64","O atentado em Paris e a regulação de mídia","Unesp Ciência","","Comunicação"
"Edição 64","Da primeira Lei de Imprensa ao Marco Civil da Internet","Unesp Ciência","","Comunicação"
"Edição 64","Cooperação com clientes","Unesp Ciência","","Resíduos sólidos"
"Edição 64","Conheça o projeto Sustenta Saúde","Unesp Ciência","","Agroecologia"
"Edição 64","Terremotos, falhas que se espalham no Nepal","Unesp Ciência","","Geofísica"
"Edição 64","Como construímos universos, de Montserrat Moreno Marimón e Genoveva Sastre Vilarrasa","Unesp Ciência","","Livro"
"Edição 64","Bordando a existência","Unesp Ciência","","Arte e cultura"
"Edição 64","Fábrica de Óperas","Unesp Ciência","","Foto do mês"
"Edição 64","O demorado processo de recuperação da água em reservatórios","Unesp Ciência","","Opinião"
"Edição 64","(Baixe o PDF)","Unesp Ciência","http://www.unespciencia.com.br/pdf/uc64/UC64.pdf","Opinião"
"Edição 63","Acordo entre conteúdo e forma","Unesp Ciência","http://wp.me/p5MUPu-po","Editorial"
"Edição 63","José Ribeiro Júnior: A história total","Unesp Ciência","http://wp.me/p5MUPu-pm","Personalidade"
"Edição 63","O centenário de Artigas, arquiteto militante","Unesp Ciência","http://wp.me/p5MUPu-pk","Homenagem"
"Edição 63","Vale da Fé","Unesp Ciência","http://wp.me/p5MUPu-pi","Arquitetura"
"Edição 63","Um aperto de mãos e relações bilaterais reatadas","Unesp Ciência","http://wp.me/p5MUPu-pg","Dossiê Cuba e EUA"
"Edição 63","Cuba e o fim do isolamento: êxito da América Latina","Unesp Ciência","http://wp.me/p5MUPu-pg","Dossiê Cuba e EUA"
"Edição 63","Cuba e Estados Unidos: todos ganham?","Unesp Ciência","http://wp.me/p5MUPu-pg","Dossiê Cuba e EUA"
"Edição 63","Educação aberta a alguns cliques de distância","Unesp Ciência","http://wp.me/p5MUPu-pe","Ensino"
"Edição 63","A escolarização do estudante","Unesp Ciência","http://wp.me/p5MUPu-pc","Dossiê síndrome de Down"
"Edição 63","Entrevista com Anna Augusta Sampaio de Oliveira","Unesp Ciência","http://wp.me/p5MUPu-pc","Dossiê síndrome de Down"
"Edição 63","Trabalho de intervenção pedagógica é extremamente importante","Unesp Ciência","http://wp.me/p5MUPu-pc","Dossiê síndrome de Down"
"Edição 63","Homofobia na escola","Unesp Ciência","http://wp.me/p5MUPu-pa","Violência"
"Edição 63","Alzheimer nas telas, mais perto de você","Unesp Ciência","http://wp.me/p5MUPu-p8","Cinema"
"Edição 63","Projeto contra cárie já atendeu mais de 6 mil crianças","Unesp Ciência","http://wp.me/p5MUPu-p6","Saúde"
"Edição 63","Vila Madalena, sabe lá o que é isto?","Unesp Ciência","http://wp.me/p5MUPu-p4","História"
"Edição 63","Cortés e seu duplo: pesquisa sobre uma mistificação","Unesp Ciência","http://wp.me/p5MUPu-p2","Leitura"
"Edição 63","Hannelore Jacobowitz","Unesp Ciência","http://wp.me/p5MUPu-p0","Arte e Cultura"
"Edição 63","O Instituto de Biociências, Letras e Ciências Exatas (Ibilce) da Unesp","Unesp Ciência","http://wp.me/p5MUPu-oY","Foto do Mês"
"Edição 63","Um dia de reflexão","Unesp Ciência","http://wp.me/p5MUPu-oW","Opinião"
"Edição 62","Da memória histórica ao livro digital","Unesp Ciência","http://wp.me/p5MUPu-lL","Editorial"
"Edição 62","Fausto Castilho (1929-2015), dínamo institucional","Unesp Ciência","http://wp.me/p5MUPu-lJ","Homenagem"
"Edição 62","– Por Daniel Patire","Unesp Ciência","http://wp.me/p5MUPu-lH","Memória"
"Edição 62","Internacionalização de Instituições de Ensino Superior no Brasil","Unesp Ciência","http://wp.me/p5MUPu-lF","Internacionalização"
"Edição 62","Combate à violência contra a mulher","Unesp Ciência","http://wp.me/p5MUPu-lD","Gênero"
"Edição 62","Intoxicação por carne de baiacu possui alta taxa de mortalidade","Unesp Ciência","http://wp.me/p5MUPu-lz","Saúde"
"Edição 62","Cem anos da Relatividade Geral.","Unesp Ciência","http://wp.me/p5MUPu-lx","Física"
"Edição 62","Ayotzinapa ¡Por un México que tiene que despertar!","Unesp Ciência","http://wp.me/p5MUPu-lt","Dossiê México"
"Edição 62","Comentário sobre o massacre do México","Unesp Ciência","http://wp.me/p5MUPu-lt","Dossiê México"
"Edição 62","O carnaval mexicano de Jessica Lange","Unesp Ciência","http://wp.me/p5MUPu-lv","Dossiê México"
"Edição 62","Mostra Jovens Designers","Unesp Ciência","http://wp.me/p5MUPu-mY","Design"
"Edição 62","Comunicação e criatividade","Unesp Ciência","http://wp.me/p5MUPu-lr","Relações Públicas"
"Edição 62","– Por Mauro Galetti","Unesp Ciência","http://wp.me/p5MUPu-lp","Dossiê Cinema"
"Edição 62","– Por Rodrigo Czajka","Unesp Ciência","http://wp.me/p5MUPu-lp","Dossiê Cinema"
"Edição 62","Histórias do Atlântico português, de John Russell-Wood","Unesp Ciência","http://wp.me/p5MUPu-ln","Dossiê Cinema"
"Edição 62","Hibridismo: aplicação em arte","Unesp Ciência","http://wp.me/p5MUPu-ll","Pesquisa"
"Edição 62","Paixão e perseverança, Ana Alice Francisquetti","Unesp Ciência","http://wp.me/p5MUPu-lj","Arte e Cultura"
"Edição 62","Unesp de Jaboticabal","Unesp Ciência","http://wp.me/p5MUPu-n4","Foto do Mês"
"Edição 62","O livro digital e a pesquisa científica","Unesp Ciência","http://wp.me/p5MUPu-lc","Opinião"
"Edição 61","Uma viagem prazerosa","Unesp Ciência","http://www.unespciencia.com.br/2015/02/uma-viagem-prazerosa/","Editorial"
"Edição 61","Antonio Manoel dos Santos Silva","Unesp Ciência","http://www.unespciencia.com.br/2015/02/antonio-manoel/","Personalidade"
"Edição 61","Lixo acadêmico e má aplicação dos recursos públicos em ciência","Unesp Ciência","http://www.unespciencia.com.br/2015/02/lixo-academico/","Políticas públicas"
"Edição 61","Educação e desenvolvimento","Unesp Ciência","http://www.unespciencia.com.br/2015/02/educacao-e-desenvolvimento/","Políticas públicas"
"Edição 61","O feminino na ciência","Unesp Ciência","http://www.unespciencia.com.br/2015/02/insubmissas/","Insubmissas"
"Edição 61","A fragilidade das ideias (em Paris ou Ubatuba)","Unesp Ciência","http://www.unespciencia.com.br/2015/02/dossie-charlie-hebdo/","Dossiê Charlie Hebdo"
"Edição 61","Ataque ao Charlie Hebdo exige resposta mais democrática","Unesp Ciência","http://www.unespciencia.com.br/2015/02/dossie-charlie-hebdo/","Dossiê Charlie Hebdo"
"Edição 61","Entre a culpa e a remissão","Unesp Ciência","http://www.unespciencia.com.br/2015/02/dossie-charlie-hebdo/","Dossiê Charlie Hebdo"
"Edição 61","A liberdade de expressão e a opinião pública internacional","Unesp Ciência","http://www.unespciencia.com.br/2015/02/dossie-charlie-hebdo/","Dossiê Charlie Hebdo"
"Edição 61","Charlie Hebdo, Mafalda e Libertad","Unesp Ciência","http://www.unespciencia.com.br/2015/02/dossie-charlie-hebdo/","Dossiê Charlie Hebdo"
"Edição 61","Sobre democracia, liberdade e tolerância","Unesp Ciência","http://www.unespciencia.com.br/2015/02/dossie-charlie-hebdo/","Dossiê Charlie Hebdo"
"Edição 61","Processos políticos na América Latina contemporânea, por Marcos Jorge","Unesp Ciência","http://www.unespciencia.com.br/2015/02/processos-politicos-na-america-latina-contemporanea/","Relações internacionais"
"Edição 61","A cidade inimiga","Unesp Ciência","http://www.unespciencia.com.br/2015/02/a-cidade-inimiga/","Aniversário"
"Edição 61","Jeito diferente de celebrar","Unesp Ciência","http://www.unespciencia.com.br/2015/02/jeito-diferente-de-celebrar/","Aniversário"
"Edição 61","Planetário para pessoas com deficiência visual","Unesp Ciência","http://www.unespciencia.com.br/2015/02/planetario-para-pessoas-com-deficiencia-visual/","Astrologia"
"Edição 61","Território e mineração em Carajás","Unesp Ciência","http://www.unespciencia.com.br/2015/02/territorio-e-mineracao-em-carajas/","Sempre Unesp"
"Edição 61","Os judeus e a vida econômica, de Werner Sombart","Unesp Ciência","http://www.unespciencia.com.br/2015/02/os-judeus-e-a-vida-economica/","Leitura"
"Edição 61","Nelson Screnci","Unesp Ciência","http://www.unespciencia.com.br/2015/02/pintura-com-dedicacao/","Arte e cultura"
"Edição 61","Reitoria da Unesp, por Chello Fotógrafo","Unesp Ciência","http://www.unespciencia.com.br/2015/02/foto-do-mes/","Foto do mês"
"Edição 61","Uma vez Unesp, sempre Unesp","Unesp Ciência","http://www.unespciencia.com.br/2015/02/uma-vez-unesp-sempre-unesp/","Opinião"
