"Edição 81","Editorial","O que fazer e não fazer","","Editorial","http://www.unespciencia.com.br/2016/12/editorial-81/"
"Edição 81","Educação","Iniciação Científica e Ações Afirmativas","","Educação","http://www.unespciencia.com.br/2016/12/educacao-81/"
"Edição 81","Memória","40 anos da Ecologia de Rio Claro","","Memória","http://www.unespciencia.com.br/2016/12/memoria-81/"
"Edição 81","Matemática","2017-2018: o Biênio da Matemática","","Matemática","http://www.unespciencia.com.br/2016/12/matematica-81/"
"Edição 81","Política","Quem tem medo de Virginia Woolf, aliás, de Donald Trump?","","Política","http://www.unespciencia.com.br/2016/12/politica-81/"
"Edição 81","Sexualidade","Por que os humanos fazem sexo na posição papai-e-mamãe?","","Sexualidade","http://www.unespciencia.com.br/2016/12/sexualidade-81/"
"Edição 81","Economia","As empresas brasileiras e a exportação","","Economia","http://www.unespciencia.com.br/2016/12/economia-81/"
"Edição 81","Engenharia","Uso racional de energia","","Engenharia","http://www.unespciencia.com.br/2016/12/engenharia-81/"
"Edição 81","Literatura","Nem de Direita, nem de Esquerda; é Bob Dylan","","Literatura","http://www.unespciencia.com.br/2016/12/literatura-81/"
"Edição 81","Leitura","Livro debate expressionismo","","Leitura","http://www.unespciencia.com.br/2016/12/leitura-81/"
"Edição 81","Homenagem","Artigos enfocam escritor italiano","","Homenagem","http://www.unespciencia.com.br/2016/12/homenagem-81/"
"Edição 81","Arquitetura","Antoni Gaudí, o arquiteto de Deus","","Arquitetura","http://www.unespciencia.com.br/2016/12/arquitetura-81/"
"Edição 81","Música","Pré-estreia mundial na Unesp","","Música","http://www.unespciencia.com.br/2016/12/musica-81/"
"Edição 81","Foto do mês","Concerto inédito de música chinesa para percussão","","Foto do mês","http://www.unespciencia.com.br/2016/12/foto-mes-81/"
"Edição 81","Opinião","A legalização de documentos públicos estrangeiros","","Opinião","http://www.unespciencia.com.br/2016/12/opiniao-81/"
"Edição 80","Editorial","Visão transversal","","Editorial","http://www.unespciencia.com.br/2016/11/editorial-80/"
"Edição 80","Educação","Ações transversais entre as dimensões acadêmicas da Unesp","","Educação","http://www.unespciencia.com.br/2016/11/educacao-80/"
"Edição 80","Ciência","Pesquisa básica ou pesquisa aplicada, interligadas","","Ciência","http://www.unespciencia.com.br/2016/11/ciencia-80/"
"Edição 80","Pesquisa","Música da Renascença e Contemporânea","","Pesquisa","http://www.unespciencia.com.br/2016/11/musica-80/"
"Edição 80","Cinema","O neorrealismo cinematográfico italiano","","Cinema","http://www.unespciencia.com.br/2016/11/cinema-80/"
"Edição 80","Ciências biológicas","Novo mecanismo de modulação estrutural de proteínas","","Ciências biológicas","http://www.unespciencia.com.br/2016/11/ciencias-biologicas-80/"
"Edição 80","Aquarismo","Nova espécie de esponja","","Aquarismo","http://www.unespciencia.com.br/2016/11/aquarismo-80/"
"Edição 80","Comunicação","Algumas reflexões no Dia do Internauta","","Comunicação","http://www.unespciencia.com.br/2016/11/comunicacao-80/"
"Edição 80","Matemática","Olimpíada de Matemática de Rio Preto (OMRP)","","Matemática","http://www.unespciencia.com.br/2016/11/matematica-80/"
"Edição 80","Administração","Equilíbrio fiscal","","Administração","http://www.unespciencia.com.br/2016/11/adm-80/"
"Edição 80","Resenha","O ópio dos intelectuais, de Raymond Aron","","Resenha","http://www.unespciencia.com.br/2016/11/resenha-80/"
"Edição 80","Leitura","Radiografia dos descaminhos e das potencialidades da democracia","","Leitura","http://www.unespciencia.com.br/2016/11/leitura-80/"
"Edição 80","Arte e cultura","Fui à Bienal ver Arte não achei","","Arte e cultura","http://www.unespciencia.com.br/2016/11/arte-80/"
"Edição 80","Foto do mês","Unesp celebra 40 anos na Sala São Paulo","","Foto do mês","http://www.unespciencia.com.br/2016/11/foto-mes-80/"
"Edição 80","Opinião","A importância dos cursinhos pré-vestibulares da Unesp","","Opinião","http://www.unespciencia.com.br/2016/11/opiniao-80/"
"Edição 79","Editorial","O espírito olímpico","","Editorial","http://www.unespciencia.com.br/2016/10/editorial-79/"
"Edição 79","Dossiê esporte – Visões dos jogos Rio 2016","Os Jogos Olímpicos e suas lições","","Dossiê esporte – Visões dos jogos Rio 2016","http://www.unespciencia.com.br/2016/10/esporte-79/"
"Edição 79","Jogos Olímpicos","Berlim 1936","","Jogos Olímpicos","http://www.unespciencia.com.br/2016/10/berlim-79/"
"Edição 79","Relações Internacionais","Quem é o terrorista?","","Relações Internacionais","http://www.unespciencia.com.br/2016/10/rel-inter-79/"
"Edição 79","Leitura","Habermas resgata o potencial do materialismo histórico","","Leitura","http://www.unespciencia.com.br/2016/10/leitura-79/"
"Edição 79","Saúde","O caminho do câncer (ou como evitá-lo)","","Saúde","http://www.unespciencia.com.br/2016/10/saude-79/"
"Edição 79","Ensino Superior","O falso Robin Hood","","Ensino Superior","http://www.unespciencia.com.br/2016/10/ensino-79/"
"Edição 79","Educação","Escola sem escola","","Educação","http://www.unespciencia.com.br/2016/10/educacao-79/"
"Edição 79","Ciência","Operação Boca Livre, Lei Rouanet e Ciência Brasileira","","Ciência","http://www.unespciencia.com.br/2016/10/ciencia-79/"
"Edição 79","Sustentabilidade","O ciclo de vida na formação de futuros profissionais","","Sustentabilidade","http://www.unespciencia.com.br/2016/10/sustentabilidade-79/"
"Edição 79","Homenagem","Bloomsday é tributo a James Joyce e sua obra Ulysses","","Homenagem","http://www.unespciencia.com.br/2016/10/homenagem-79/"
"Edição 79","Televisão","Liberdade, Liberdade","","Televisão","http://www.unespciencia.com.br/2016/10/televisao-79/"
"Edição 79","Arte e cultura","Poética das sensibilidades","","Arte e cultura","http://www.unespciencia.com.br/2016/10/arte-79/"
"Edição 79","Foto do mês","Unesp recebe vice-primeira-ministra da China","","Foto do mês","http://www.unespciencia.com.br/2016/10/foto-mes-79/"
"Edição 79","Opinião","20 anos do PET Ciências Sociais","","Opinião","http://www.unespciencia.com.br/2016/10/opiniao-79/"
"Edição 78","Editorial","Liderança e inovação","","Editorial","http://www.unespciencia.com.br/2016/09/editorial-78/"
"Edição 78","40 anos do curso de Ecologia de Rio Claro","Um longo caminho na formação do ecólogo","","40 anos do curso de Ecologia de Rio Claro","http://www.unespciencia.com.br/2016/09/ecologia-78/"
"Edição 78","Patentes e Inovação","O desafio da inovação","","Patentes e Inovação","http://www.unespciencia.com.br/2016/09/materia-capa-78/"
"Edição 78","Sociedade","Conflitos raciais nos EUA","","Sociedade","http://www.unespciencia.com.br/2016/09/sociedade-78/"
"Edição 78","Tecnologia da informação","O novo direito à desconexão","","Tecnologia da informação","http://www.unespciencia.com.br/2016/09/TI-78/"
"Edição 78","Relações Internacionais","O Terror em Israel e na Palestina","","Relações Internacionais","http://www.unespciencia.com.br/2016/09/israel-78/"
"Edição 78","Configurações familiares","Mulheres chefes de família","","Configurações familiares","http://www.unespciencia.com.br/2016/09/mulheres-78/"
"Edição 78","Leitura","Clássico ensina como se tornar filósofo","","Leitura","http://www.unespciencia.com.br/2016/09/leitura-78/"
"Edição 78","Educação","A quem interessa a doutrinação do Escola Sem Partido?","","Educação","http://www.unespciencia.com.br/2016/09/educacao-78/"
"Edição 78","Internacionalização","Revisão do programa Ciência sem Fronteiras","","Internacionalização","http://www.unespciencia.com.br/2016/09/internacionalizacao-78/"
"Edição 78","Medicina","Casos de aids voltam a crescer no Brasil","","Medicina","http://www.unespciencia.com.br/2016/09/medicina-78/"
"Edição 78","Relações Internacionais","Os 25 anos do Mercosul","","Relações Internacionais","http://www.unespciencia.com.br/2016/09/mercosul-78/"
"Edição 78","Música","A morada do som","","Música","http://www.unespciencia.com.br/2016/09/musica-78/"
"Edição 78","Arte e cultura","Velho Chico, a novela do ‘novo mundo rural’","","Arte e cultura","http://www.unespciencia.com.br/2016/09/arte-78/"
"Edição 78","Foto do mês","Instituto de Estudos Avançados do Mar","","Foto do mês","http://www.unespciencia.com.br/2016/09/foto-mes-78/"
"Edição 78","Opinião","Lei Anticorrupção e Projetos Educacionais","","Opinião","http://www.unespciencia.com.br/2016/09/opiniao-78/"
"Edição 77","Editorial","Poderes e responsabilidades","","Editorial","http://www.unespciencia.com.br/2016/08/editorial-11/"
"Edição 77","Cultura de massa","Batman x Superman","","Cultura de massa","http://www.unespciencia.com.br/2016/08/77-materia-capa/"
"Edição 77","Internacionalização","Processo fundamental para consolidação","","Internacionalização","http://www.unespciencia.com.br/2016/08/77-inter/"
"Edição 77","Cinema","Personagens reais com capacidade acima da média","","Cinema","http://www.unespciencia.com.br/2016/08/77-cinema/"
"Edição 77","Literatura","Raduan Nassar vence o Camões 2016","","Literatura","http://www.unespciencia.com.br/2016/08/77-literatura/"
"Edição 77","Política","Estados contra trabalhadores","","Política","http://www.unespciencia.com.br/2016/08/77-politica/"
"Edição 77","Sociedade","A Itália atual pode servir de modelo para o Brasil?","","Sociedade","http://www.unespciencia.com.br/2016/08/77-sociedade/"
"Edição 77","Leitura","Celso Amorim revela a política brasileira de Defesa Nacional","","Leitura","http://www.unespciencia.com.br/2016/08/77-leitura/"
"Edição 77","Saúde coletiva","Vacinação: sucessos e desafios","","Saúde coletiva","http://www.unespciencia.com.br/2016/08/77-saude/"
"Edição 77","Democracia","A importância dos artefatos digitais","","Democracia","http://www.unespciencia.com.br/2016/08/77-democracia/"
"Edição 77","Terrorismo","A histórica cidade de Palmyra","","Terrorismo","http://www.unespciencia.com.br/2016/08/77-terrorismo/"
"Edição 77","Geologia","Um profissional que sabe onde pisa","","Geologia","http://www.unespciencia.com.br/2016/08/77-geologia/"
"Edição 77","Arte e cultura","CD Miniaturas de Oswald","","Arte e cultura","http://www.unespciencia.com.br/2016/08/77-arte-cultura/"
"Edição 77","Foto do mês","Luz e trevas, em ópera clássica de Mozart","","Foto do mês","http://www.unespciencia.com.br/2016/08/77-foto-mes/"
"Edição 77","Opinião","Por que realizar o manejo de irrigação?","","Opinião","http://www.unespciencia.com.br/2016/08/77-opiniao/"
"Edição 76","Editorial","O impossível não existe","","Editorial","http://www.unespciencia.com.br/2016/07/editorial-10/"
"Edição 76","40 anos do curso de Ecologia de Rio Claro","Tradição e vanguarda no ensino de ecologia para graduandos","","40 anos do curso de Ecologia de Rio Claro","http://www.unespciencia.com.br/2016/07/ecologia-7/"
"Edição 76","Terrorismo","Mas o que é terrorismo, afinal?","","Terrorismo","http://www.unespciencia.com.br/2016/07/terrorismo/"
"Edição 76","Código Florestal","O retrocesso da lei ambiental","","Código Florestal","http://www.unespciencia.com.br/2016/07/codigo-florestal/"
"Edição 76","Energia","O “patinho feio” das fontes geradoras","","Energia","http://www.unespciencia.com.br/2016/07/energia/"
"Edição 76","Memória","Obrigado, Muhammad Ali-Haj","","Memória","http://www.unespciencia.com.br/2016/07/muhammad/"
"Edição 76","Arquivologia","Por que celebrar o Dia Internacional dos Arquivos?","","Arquivologia","http://www.unespciencia.com.br/2016/07/arquivologia/"
"Edição 76","Poesia","Uma via irônica para a poesia moderna","","Poesia","http://www.unespciencia.com.br/2016/07/poesia/"
"Edição 76","Leitura","Italianidade no interior paulista","","Leitura","http://www.unespciencia.com.br/2016/07/leitura-4/"
"Edição 76","Educação","O gênio inquieto de Leonardo da Vinci","","Educação","http://www.unespciencia.com.br/2016/07/educacao-76/"
"Edição 76","Homenagem","O pícaro Miguel de Cervantes","","Homenagem","http://www.unespciencia.com.br/2016/07/homenagem-76/"
"Edição 76","Arte e cultura","Objeto cerâmico como elemento da cultura","","Arte e cultura","http://www.unespciencia.com.br/2016/07/arte-cultura-76/"
"Edição 76","Política Internacional","Dia da Europa","","Política Internacional","http://www.unespciencia.com.br/2016/07/europa-76/"
"Edição 76","Solenidade","Academia Brasileira de Ciências completa 100 anos","","Solenidade","http://www.unespciencia.com.br/2016/07/solenidade-76/"
"Edição 76","Foto do mês","Homenagem a Érik Satie","","Foto do mês","http://www.unespciencia.com.br/2016/07/foto-mes-76/"
"Edição 76","Opinião","Língua, ideologia e empoderamento","","Opinião","http://www.unespciencia.com.br/2016/07/opiniao-76/"
"Edição 75","Editorial","Quanto alimento!","","Editorial","http://www.unespciencia.com.br/2016/06/editorial-9/"
"Edição 75","40 anos do curso de Ecologia de Rio Claro","A extensão universitária no processo de formação do Ecólogo","","40 anos do curso de Ecologia de Rio Claro","http://www.unespciencia.com.br/2016/06/ecologia-6/"
"Edição 75","Comportamento","Combate ao bullying","","Comportamento","http://www.unespciencia.com.br/2016/06/bullying/"
"Edição 75","Agronomia","Aspectos gerais da cultura do feijão","","Agronomia","http://www.unespciencia.com.br/2016/06/feijao/"
"Edição 75","Musicologia","As práticas musicais nos tempos de padre Cícero","","Musicologia","http://www.unespciencia.com.br/2016/06/musicologia/"
"Edição 75","Relações Internacionais","Legislativo e Política Externa Brasileira","","Relações Internacionais","http://www.unespciencia.com.br/2016/06/politica-externa/"
"Edição 75","Pediatria","A puericultura da criança portadora de síndrome de Down","","Pediatria","http://www.unespciencia.com.br/2016/06/pediatria/"
"Edição 75","Cinema","Novo filme de Pedro Almodóvar","","Cinema","http://www.unespciencia.com.br/2016/06/filmes/"
"Edição 75","Dossiê Afrodescendentes","O reconhecimento de nossa história","","Dossiê Afrodescendentes","http://www.unespciencia.com.br/2016/06/afro-75/"
"Edição 75","Dossiê Afrodescendentes","Produções acadêmicas sobre crianças negras","","Dossiê Afrodescendentes","http://www.unespciencia.com.br/2016/06/afro-75/"
"Edição 75","Convivência","A importância de ser feliz","","Convivência","http://www.unespciencia.com.br/2016/06/ser-feliz-75/"
"Edição 75","Convivência","Indispensavelmente feliz","","Convivência","http://www.unespciencia.com.br/2016/06/ser-feliz-75/"
"Edição 75","Leitura","Historiador explora as raízes do capitalismo","","Leitura","http://www.unespciencia.com.br/2016/06/leitura-3/"
"Edição 75","Arte e cultura","Instalações pianísticas","","Arte e cultura","http://www.unespciencia.com.br/2016/06/arte-cultura-75/"
"Edição 75","Foto do mês","Ensino de física","","Foto do mês","http://www.unespciencia.com.br/2016/06/foto-mes-75/"
"Edição 75","Hipertensão","Uma urgência de saúde pública","","Hipertensão","http://www.unespciencia.com.br/2016/06/hipertensao-75/"
"Edição 75","Opinião","Um turismo melhor","","Opinião","http://www.unespciencia.com.br/2016/06/opiniao-75/"
"Edição 74","Editorial","Para aliviar a canseira da existência humana","","Editorial","http://www.unespciencia.com.br/2016/05/editorial-8/"
"Edição 74","40 anos do curso de Ecologia de Rio Claro","Muito além dos pardais","","40 anos do curso de Ecologia de Rio Claro","http://www.unespciencia.com.br/2016/05/ecologia-5/"
"Edição 74","Homenagem","O maestro e autor Umberto Eco","","Homenagem","http://www.unespciencia.com.br/2016/05/homenagem-2/"
"Edição 74","Homenagem","Umberto Eco e o valor da verdadeira erudição","","Homenagem","http://www.unespciencia.com.br/2016/05/homenagem-2/"
"Edição 74","Saúde","Saúde e Sociedade","","Saúde","http://www.unespciencia.com.br/2016/05/saude/"
"Edição 74","Administração pública","Reforma previdenciária","","Administração pública","http://www.unespciencia.com.br/2016/05/reforma-previdenciaria/"
"Edição 74","Administração pública","Visões sobre as mulheres","","Administração pública","http://www.unespciencia.com.br/2016/05/mulheres/"
"Edição 74","Administração pública","O feminismo e a obra de Simone de Beauvoir","","Administração pública","http://www.unespciencia.com.br/2016/05/mulheres/"
"Edição 74","Administração pública","O perdão da pena para as mulheres esquecidas","","Administração pública","http://www.unespciencia.com.br/2016/05/mulheres/"
"Edição 74","Administração pública","Saga das mulheres","","Administração pública","http://www.unespciencia.com.br/2016/05/mulheres/"
"Edição 74","Administração pública","Um poema para as mulheres do Brasil","","Administração pública","http://www.unespciencia.com.br/2016/05/mulheres/"
"Edição 74","Leitura","Críticas cinematográficas de Guilherme de Almeida","","Leitura","http://www.unespciencia.com.br/2016/05/leitura-2/"
"Edição 74","Cinema","Filmes que concorreram ao Oscar são analisados","","Cinema","http://www.unespciencia.com.br/2016/05/filmes-oscar/"
"Edição 74","Dia do Trabalho","Gênese do 1.º de maio – José Luiz Del Roio","","Dia do Trabalho","http://www.unespciencia.com.br/2016/05/dia-do-trabalho/"
"Edição 74","Ficção","Os caminhos que tomamos","","Ficção","http://www.unespciencia.com.br/2016/05/ficcao/"
"Edição 74","Arte e cultura","Artemídia Influente","","Arte e cultura","http://www.unespciencia.com.br/2016/05/arte-cultura-2/"
"Edição 74","Foto do mês","Nova diretoria na Associação Brasileira de Editores Científicos","","Foto do mês","http://www.unespciencia.com.br/2016/05/foto-mes-3/"
"Edição 74","Opinião","Facetas do Livro Didático","","Opinião","http://www.unespciencia.com.br/2016/05/opiniao-3/"
"Edição 73","Editorial","A importância da ciência","","Editorial","http://www.unespciencia.com.br/2016/04/editorial-7/"
"Edição 73","40 anos do curso de Ecologia de Rio Claro","Estudos Ecológicos na Bacia Hidrográfica do Rio Itanhaém","","40 anos do curso de Ecologia de Rio Claro","http://www.unespciencia.com.br/2016/04/ecologia-4/"
"Edição 73","História","Livro São Paulo em 200 imagens","","História","http://www.unespciencia.com.br/2016/04/historia/"
"Edição 73","Geologia","Dados inéditos da geologia do petróleo no país  –  Oscar D’Ambrosio","","Geologia","http://www.unespciencia.com.br/2016/04/geologia/"
"Edição 73","Dossiê Afrodescendentes","O corpo e os múltiplos sentidos na cultura religiosa afro-brasileira do candomblé –  Sérgio Roberto Silveira","","Dossiê Afrodescendentes","http://www.unespciencia.com.br/2016/04/dossie-afro/"
"Edição 73","Entrevista","Microcefalia: professor analisa legislação sobre o aborto","","Entrevista","http://www.unespciencia.com.br/2016/04/entrevista/"
"Edição 73","Entrevista","(Reportagem de Maristela Garmes)","","Entrevista","http://www.unespciencia.com.br/2016/04/entrevista/"
"Edição 73","China","Os métodos de ensinar os tons em Mandarim","","China","http://www.unespciencia.com.br/2016/04/china/"
"Edição 73","Fotografia","As vendedoras de hortaliças de Shanghai","","Fotografia","http://www.unespciencia.com.br/2016/04/fotografia/"
"Edição 73","Leitura","Filósofo analisa atores, valores e instituições","","Leitura","http://www.unespciencia.com.br/2016/04/leitura/"
"Edição 73","Cinema","O filho de Saul em Auschwitz","","Cinema","http://www.unespciencia.com.br/2016/04/cinema/"
"Edição 73","Inovação","Joy como personificação do empreendedorismo","","Inovação","http://www.unespciencia.com.br/2016/04/inovacao/"
"Edição 73","Foto do mês","Educação Especial","","Foto do mês","http://www.unespciencia.com.br/2016/04/foto-mes-2/"
"Edição 73","Opinião","História Mundial na Base Nacional Curricular","","Opinião","http://www.unespciencia.com.br/2016/04/opiniao-2/"
"Edição 72","Editorial","Diversidade de temas","","Editorial","http://www.unespciencia.com.br/2016/03/diversidade-de-temas/"
"Edição 72","Unesp 40 anos","Os 40 anos de uma universidade vencedora","","Unesp 40 anos","http://www.unespciencia.com.br/2016/03/quatro-decadas-de-historia/"
"Edição 72","Unesp 40 anos","Fruto dos primeiros 40. Parte dos próximos 40","","Unesp 40 anos","http://www.unespciencia.com.br/2016/03/quatro-decadas-de-historia/"
"Edição 72","Unesp 40 anos","Loucos há 40 anos","","Unesp 40 anos","http://www.unespciencia.com.br/2016/03/quatro-decadas-de-historia/"
"Edição 72","40 anos do curso de Ecologia de Rio Claro","Olhares ecológicos: combinando tecnologias para o estudo dos ecossistemas","","40 anos do curso de Ecologia de Rio Claro","http://www.unespciencia.com.br/2016/03/ecologia/"
"Edição 72","Educação","Base Nacional Comum Curricular em debate","","Educação","http://www.unespciencia.com.br/2016/03/base-nacional/"
"Edição 72","Leitura","Mudanças estruturais na formação de docentes","","Leitura","http://www.unespciencia.com.br/2016/03/livro/"
"Edição 72","Nanomateriais","Riscos à saúde humana, segurança ocupacional e ambiental da nanotecnologia","","Nanomateriais","http://www.unespciencia.com.br/2016/03/nanomateriais/"
"Edição 72","Direitos humanos","Fortalecimento e expansão de valores","","Direitos humanos","http://www.unespciencia.com.br/2016/03/direitos-humanos/"
"Edição 72","Dossiê Afrodescendentes","Ainda a questão das cotas raciais","","Dossiê Afrodescendentes","http://www.unespciencia.com.br/2016/03/decada-internacional/"
"Edição 72","Dossiê Afrodescendentes","Pela efetivação dos direitos das comunidades quilombolas","","Dossiê Afrodescendentes","http://www.unespciencia.com.br/2016/03/decada-internacional/"
"Edição 72","Saúde pública","Reflexões sobre uma epidemia","","Saúde pública","http://www.unespciencia.com.br/2016/03/mosquito/"
"Edição 72","Saúde pública","Epidemia de dengue","","Saúde pública","http://www.unespciencia.com.br/2016/03/mosquito/"
"Edição 72","Saúde pública","Reflexão sobre dengue em 35 anos de transmissão","","Saúde pública","http://www.unespciencia.com.br/2016/03/mosquito/"
"Edição 72","Terrorismo","Absurdo inumano","","Terrorismo","http://www.unespciencia.com.br/2016/03/absurdo-inumano/"
"Edição 72","Literatura","A evolução do romance policial best-seller","","Literatura","http://www.unespciencia.com.br/2016/03/literatura/"
"Edição 72","Arte e cultura","Mapa Cultural promove exposição","","Arte e cultura","http://www.unespciencia.com.br/2016/03/arte-cultura/"
"Edição 72","Foto do mês","Momento da assinatura","","Foto do mês","http://www.unespciencia.com.br/2016/03/foto-mes/"
"Edição 72","Opinião","Chico Buarque não precisa ser defendido","","Opinião","http://www.unespciencia.com.br/2016/03/opiniao/"
"Edição 71","Editorial","Valorização do passado de olho no futuro","","Editorial","http://www.unespciencia.com.br/2016/02/valorizacao-do-passado-de-olho-no-futuro/"
"Edição 71","Unesp 40 anos","Conceito do Logotipo","","Unesp 40 anos","http://www.unespciencia.com.br/2016/02/conceito-do-logotipo/"
"Edição 71","Unesp 40 anos","Relato de uma caminhada","","Unesp 40 anos","http://www.unespciencia.com.br/2016/02/relato-de-uma-caminhada/"
"Edição 71","Unesp 40 anos","40 anos do curso de Ecologia de Rio Claro","","Unesp 40 anos","http://www.unespciencia.com.br/2016/02/40-anos-do-curso-de-ecologia-de-rio-claro/"
"Edição 71","Unesp 40 anos","Homenagem","","Unesp 40 anos","http://www.unespciencia.com.br/2016/02/ze-enio-o-diretor/"
"Edição 71","Ambiente","Proteção de manancial de abastecimento público","","Ambiente","http://www.unespciencia.com.br/2016/02/protecao-de-manancial-de-abastecimento-publico/"
"Edição 71","Inclusão","Encontro da Arte com a Ciência e a Tecnologia","","Inclusão","http://www.unespciencia.com.br/2016/02/encontro-da-arte-com-a-ciencia-e-a-tecnologia/"
"Edição 71","Arte e cultura","Exposição Retornare reúne alunos formados pela Unesp","","Arte e cultura","http://www.unespciencia.com.br/2016/02/exposicao-retornare-reune-alunos-formados-pela-unesp/"
"Edição 71","Dossiê Afrodescendentes","Justiça, reconhecimento e desenvolvimento","","Dossiê Afrodescendentes","http://www.unespciencia.com.br/2016/02/artigos-discutem-decada-internacional/"
"Edição 71","Dossiê Afrodescendentes","A volta dos mutirões das roças tradicionais na Comunidade de Pedro Cubas, Vale do Ribeira","","Dossiê Afrodescendentes","http://www.unespciencia.com.br/2016/02/artigos-discutem-decada-internacional/"
"Edição 71","Dossiê Paris","O Estado Islâmico e o Terrorismo Internacional","","Dossiê Paris","http://www.unespciencia.com.br/2016/02/atentados-de-paris/"
"Edição 71","Dossiê Paris","A “nova” guerra ao terror","","Dossiê Paris","http://www.unespciencia.com.br/2016/02/atentados-de-paris/"
"Edição 71","Serviço social","Inserção da mulher no sistema de seguridade brasileiro","","Serviço social","http://www.unespciencia.com.br/2016/02/insercao-da-mulher-no-sistema-de-seguridade-brasileiro/"
"Edição 71","Resenhas","O narcisismo epistêmico elevado ao quadrado","","Resenhas","http://www.unespciencia.com.br/2016/02/o-narcisismo-epistemico-elevado-ao-quadrado/"
"Edição 71","Resenhas","Belíssimo e rigoroso livro","","Resenhas","http://www.unespciencia.com.br/2016/02/belissimo-e-rigoroso-livro/"
"Edição 71","Leitura","Emília Viotti investiga o passado para imaginar o futuro","","Leitura","http://www.unespciencia.com.br/2016/02/emilia-viotti-investiga-o-passado-para-imaginar-o-futuro/"
"Edição 71","Foto do mês","Por Luiz Rocatelli/Arquivo Cedem","","Foto do mês","http://www.unespciencia.com.br/2016/02/foto-do-mes-3/"
"Edição 71","Opinião","Em prol da consolidação da Universidade Pública","","Opinião","http://www.unespciencia.com.br/2016/02/em-prol-da-consolidacao-da-universidade-publica/"
"Edição 70","Editorial","Aprendizado profissional e humano","","Editorial","http://www.unespciencia.com.br/2015/12/aprendizado-profissional-e-humano/"
"Edição 70","Educação","Professores, alicerces para uma “pátria educadora”– Por Vanderlan da S. Bolzani","","Educação","http://www.unespciencia.com.br/2015/12/3070/"
"Edição 70","Pesquisa","Pesquisa enfoca imprensa e música no Brasil","","Pesquisa","http://www.unespciencia.com.br/2015/12/pesquisa-enfoca-imprensa-e-musica-no-brasil/"
"Edição 70","Economia","Guerra cambial? Dos Estados Unidos à China","","Economia","http://www.unespciencia.com.br/2015/12/guerra-cambial-dos-estados-unidos-a-china/"
"Edição 70","Saúde","Família Williams","","Saúde","http://www.unespciencia.com.br/2015/12/familia-williams/"
"Edição 70","Agronomia","A controvérsia na e composição da mata ciliar","","Agronomia","http://www.unespciencia.com.br/2015/12/a-controversia-na-recomposicao-da-mata-ciliar/"
"Edição 70","Agricultura","Paracelsus e os venenos","","Agricultura","http://www.unespciencia.com.br/2015/12/paracelsus-e-os-venenos/"
"Edição 70","Televisão","Programa infantil da TV Unesp inova com interatividade","","Televisão","http://www.unespciencia.com.br/2015/12/programa-infantil-da-tv-unesp-inova-com-interatividade/"
"Edição 70","Dossiê Afrodescendentes","Musicalidades da Cultura Negra: perpetuação de identidade coletiva","","Dossiê Afrodescendentes","http://www.unespciencia.com.br/2015/12/campos-simbolicos-e-politicas-publicas-em-discussao/"
"Edição 70","Dossiê Afrodescendentes","Políticas públicas para o setor do livro, leitura, literatura e bibliotecas","","Dossiê Afrodescendentes","http://www.unespciencia.com.br/2015/12/campos-simbolicos-e-politicas-publicas-em-discussao/"
"Edição 70","Leitura","Enciclopédia Iluminista de Diderot e d’Alembert","","Leitura","http://www.unespciencia.com.br/2015/12/enciclopedia-iluminista-de-diderot-e-dalembert/"
"Edição 70","Design","Mundo possível contemporâneo","","Design","http://www.unespciencia.com.br/2015/12/mundo-possivel-contemporaneo/"
"Edição 70","Dossiê Nobel","Um Nobel surpresa?","","Dossiê Nobel","http://www.unespciencia.com.br/2015/12/um-nobel-surpresa/"
"Edição 70","Dossiê Nobel","Nobel de Medicina de 2015","","Dossiê Nobel","http://www.unespciencia.com.br/2015/12/3175/"
"Edição 70","Arte e cultura","Exposição Na Boca do Sol","","Arte e cultura","http://www.unespciencia.com.br/2015/12/exposicao-na-boca-do-sol/"
"Edição 70","Geografia","Programa Nacional de Fortalecimento da Agricultura Familiar","","Geografia","http://www.unespciencia.com.br/2015/12/pronaf/"
"Edição 70","Foto do mês","Homenagem: Martha Herr","","Foto do mês","http://www.unespciencia.com.br/2015/12/homenagem/"
"Edição 70","Opinião","Sobre sucuris na mídia","","Opinião","http://www.unespciencia.com.br/2015/12/sobre-sucuris-na-midia/"
"Edição 69","Editorial","Educação para superar a violência","","Editorial","http://www.unespciencia.com.br/2015/11/educacao-para-superar-a-violencia/"
"Edição 69","Homenagem","Oliver Sacks, o explorador","","Homenagem","http://www.unespciencia.com.br/2015/11/oliver-sacks-o-explorador/"
"Edição 69","Memória","20 anos sem Florestan Fernandes","","Memória","http://www.unespciencia.com.br/2015/11/20-anos-sem-florestan-fernandes/"
"Edição 69","Universidade","Ciência de qualidade","","Universidade","http://www.unespciencia.com.br/2015/11/ciencia-de-qualidade/"
"Edição 69","Dossiê afrodescendentes","O medo da igualdade racial e o usufruto coletivo da justiça","","Dossiê afrodescendentes","http://www.unespciencia.com.br/2015/11/questao-racial-brasileira-em-foco/"
"Edição 69","Dossiê afrodescendentes","Rap: a diáspora negra do asfalto","","Dossiê afrodescendentes","http://www.unespciencia.com.br/2015/11/questao-racial-brasileira-em-foco/"
"Edição 69","Comportamento","Um estigma entre nós","","Comportamento","http://www.unespciencia.com.br/2015/11/um-estigma-entre-nos/"
"Edição 69","Dossiê Administração Pública","O exercício profissional dos egressos dos cursos de públicas","","Dossiê Administração Pública","http://www.unespciencia.com.br/2015/11/caminhos-da-administracao-publica/"
"Edição 69","Dossiê Administração Pública","Uma nova administração pública no Brasil","","Dossiê Administração Pública","http://www.unespciencia.com.br/2015/11/caminhos-da-administracao-publica/"
"Edição 69","Psicologia","A criança, o adolescente e o trabalho","","Psicologia","http://www.unespciencia.com.br/2015/11/a-crianca-o-adolescente-e-o-trabalho/"
"Edição 69","Economia","Uma explicação estrutural dos impasses brasileiros atuais","","Economia","http://www.unespciencia.com.br/2015/11/uma-explicacao-estrutural-dos-impasses-brasileiros-atuais/"
"Edição 69","Medicina","Novas regras incentivam parto normal","","Medicina","http://www.unespciencia.com.br/2015/11/novas-regras-incentivam-parto-normal/"
"Edição 69","Arte e cultura","Exposição de estudantes do Instituto de Artes","","Arte e cultura","http://www.unespciencia.com.br/2015/11/exposicao-de-estudantes-do-instituto-de-artes/"
"Edição 69","Pesquisa","Trajetória de vida de adolescentes com envolvimento no tráfico","","Pesquisa","http://www.unespciencia.com.br/2015/11/trajetorias-de-vida-de-adolescentes-com-envolvimento-no-trafico/"
"Edição 69","Lazer","Festival de Pipas reúne mais de 6 mil participantes","","Lazer","http://www.unespciencia.com.br/2015/11/festival-de-pipas-reune-mais-de-6-mil-participantes/"
"Edição 69","História","A representação do crime coletivo na imprensa","","História","http://www.unespciencia.com.br/2015/11/a-representacao-do-crime-coletivo-na-imprensa/"
"Edição 69","Leitura","Livro aborda instabilidade mundial","","Leitura","http://www.unespciencia.com.br/2015/11/livro-aborda-instabilidade-mundial/"
"Edição 69","Foto do mês","Percival Tirapeli em retrospectiva","","Foto do mês","http://www.unespciencia.com.br/2015/11/percival-tirapeli-em-retrospectiva/"
"Edição 69","Opinião","A inovação na Universidade","","Opinião","http://www.unespciencia.com.br/2015/11/a-inovacao-na-universidade/"
"Edição 68","Editorial","Abordagens competentes e criativas","","Editorial","http://www.unespciencia.com.br/?p=2918"
"Edição 68","Educação","Para saber mais de ciência e tecnologia","","Educação","http://www.unespciencia.com.br/2015/10/para-saber-mais-de-ciencia-e-tecnologia/"
"Edição 68","Pesquisa","A variação lexical de falares interioranos","","Pesquisa","http://www.unespciencia.com.br/2015/10/a-variacao-lexical-de-falares-interioranos/"
"Edição 68","Economia","A relação entre tributação e oferta de serviços públicos","","Economia","http://www.unespciencia.com.br/2015/10/a-relacao-entre-tributacao-e-oferta-de-servicos-publicos/"
"Edição 68","Dossiê política externa","O vazio da política externa","","Dossiê política externa","http://www.unespciencia.com.br/2015/10/alvo-facil-de-criticas/"
"Edição 68","Dossiê política externa","Os interesses da oposição brasileira na Venezuela","","Dossiê política externa","http://www.unespciencia.com.br/2015/10/alvo-facil-de-criticas/"
"Edição 68","Saúde","Pontapé inicial contra a malária","","Saúde","http://www.unespciencia.com.br/2015/10/pontape-inicial-contra-a-malaria/"
"Edição 68","Dossiê afrodescendentes","A literatura africana como possibilidade de ensino de História da África","","Dossiê afrodescendentes","http://www.unespciencia.com.br/2015/10/textos-enfocam-literatura-e-educacao-em-direitos-humanos-e-antirracismo/"
"Edição 68","Dossiê afrodescendentes","Educação em Direitos Humanos e Antirracismo","","Dossiê afrodescendentes","http://www.unespciencia.com.br/2015/10/textos-enfocam-literatura-e-educacao-em-direitos-humanos-e-antirracismo/"
"Edição 68","Música","Laboratório de Percussão do Instituto de Artes","","Música","http://www.unespciencia.com.br/?p=2753"
"Edição 68","Memória","Engenharia Cartográfica da Unesp completa 38 anos","","Memória","http://www.unespciencia.com.br/2015/10/engenharia-cartografica-da-unesp-completa-38-anos/"
"Edição 68","Leitura","Educação superior nos Estados Unidos","","Leitura","http://www.unespciencia.com.br/2015/10/educacao-superior-nos-estados-unidos/"
"Edição 68","Arquitetura","Via pública x criações privadas","","Arquitetura","http://www.unespciencia.com.br/2015/10/via-publica-x-criacoes-privadas/"
"Edição 68","Agronomia","Perspectivas para a silvicultura irrigada","","Agronomia","http://www.unespciencia.com.br/2015/10/perspectivas-para-a-silvicultura-irrigada/"
"Edição 68","Mundo virtual","Internet: qual é o seu ponto na rede?","","Mundo virtual","http://www.unespciencia.com.br/2015/10/internet-qual-e-o-seu-ponto-na-rede/"
"Edição 68","Artes visuais","Sem querer abarcar toda a água que nos cerca","","Artes visuais","http://www.unespciencia.com.br/2015/10/sem-querer-abarcar-toda-a-agua-que-nos-cerca/"
"Edição 68","Foto do mês","A incrível aventura de Mariana","","Foto do mês","http://www.unespciencia.com.br/2015/10/a-incrivel-aventura-de-mariana/"
"Edição 68","Opinião","O problema da poluição da baía de Guanabara","","Opinião","http://www.unespciencia.com.br/2015/10/o-problema-da-poluicao-da-baia-de-guanabara/"
"Edição 67","Editorial","Nova estratégia nas mídias sociais","","Editorial","http://www.unespciencia.com.br/2015/09/nova-estrategia-nas-midias-sociais/"
"Edição 67","Ensino","A Universidade no CEU: Uma Proposta de Democratização do Ensino Superior","","Ensino","http://www.unespciencia.com.br/2015/09/a-universidade-no-ceu-uma-proposta-de-democratizacao-do-ensino-superior/"
"Edição 67","Entrevista","Da bancada ao leito do paciente","","Entrevista","http://www.unespciencia.com.br/?p=2403"
"Edição 67","Ambiente","Ano Internacional dos Solos","","Ambiente","http://www.unespciencia.com.br/?p=2401"
"Edição 67","Literatura","A alternância entre sucesso e esquecimento","","Literatura","http://www.unespciencia.com.br/2015/09/a-alternancia-entre-sucesso-e-esquecimento/"
"Edição 67","Clima","Pormenores dos acordos climáticos","","Clima","http://www.unespciencia.com.br/?p=2395"
"Edição 67","Energia","Desafios para o etanol brasileiro","","Energia","http://www.unespciencia.com.br/?p=2393"
"Edição 67","Astronomia","Plutão e Caronte vistos de perto","","Astronomia","http://www.unespciencia.com.br/?p=2391"
"Edição 67","História","A contemporaneidade latino-americana em tempos democráticos","","História","http://www.unespciencia.com.br/?p=2389"
"Edição 67","México","O narcotráfico mexicano","","México","http://www.unespciencia.com.br/?p=2387"
"Edição 67","México","O sistema penitenciário","","México","http://www.unespciencia.com.br/2015/09/estado-mexicano-em-xeque/"
"Edição 67","Pesquisa","Estudo analisa e descreve interações no programa teletandem","","Pesquisa","http://www.unespciencia.com.br/?p=2385"
"Edição 67","Dossiê Afrodescendentes","Legislação e educação étnico-racial","","Dossiê Afrodescendentes","http://www.unespciencia.com.br/?p=2383"
"Edição 67","Dossiê Afrodescendentes","Ladeiras da Memória: uma narrativa paulistana","","Dossiê Afrodescendentes","http://www.unespciencia.com.br/2015/09/laboratorio-e-…-etnico-racial/"
"Edição 67","Filosofia","Casamento e moral","","Filosofia","http://www.unespciencia.com.br/2015/09/casamento-e-moral/"
"Edição 67","Cinema","Scola conta Fellini","","Cinema","http://www.unespciencia.com.br/?p=2379"
"Edição 67","Arte e cultura","Reflexão sobre a música erudita na atualidade","","Arte e cultura","http://www.unespciencia.com.br/?p=2377"
"Edição 67","Foto do mês","La Serva Padrona","","Foto do mês","http://www.unespciencia.com.br/?p=2375"
"Edição 67","Opinião","Manadas e futuro","","Opinião","http://www.unespciencia.com.br/?p=2373"
"Edição 66","Editorial","Ciência sai do domínio exclusivista dos sábios","","Editorial","http://wp.me/p5MUPu-zY"
"Edição 66","Aniversário","Unesp: 40 para trás, 40 para a frente","","Aniversário","http://wp.me/p5MUPu-A0"
"Edição 66","Ciência","Paradigmas e Avaliação","","Ciência","http://wp.me/p5MUPu-A2"
"Edição 66","Homenagem","Dia dos Químicos","","Homenagem","http://wp.me/p5MUPu-A8"
"Edição 66","Agricultura","Artigo ‘Bom Dia, Chicago!’","","Agricultura","http://wp.me/p5MUPu-Ab"
"Edição 66","Serviço social","Família e cooperativismo","","Serviço social","http://wp.me/p5MUPu-Ad"
"Edição 66","Crise hídrica","Alternativas para aumentar o volume de água em reservatórios","","Crise hídrica","http://wp.me/p5MUPu-Af"
"Edição 66","Imigração","Desafios do ir e vir","","Imigração","http://wp.me/p5MUPu-Ai"
"Edição 66","Cinema","Inteligência artificial, educação e psicologia","","Cinema","http://wp.me/p5MUPu-Ak"
"Edição 66","Sociologia","Sete ensaios sobre o Brasil","","Sociologia","http://wp.me/p5MUPu-Am"
"Edição 66","Dossiê Afrodescendentes","Violência engole as próximas gerações","","Dossiê Afrodescendentes","http://wp.me/p5MUPu-Ap"
"Edição 66","Dossiê Afrodescendentes","Trajetória histórica de Gertrudes Maria","","Dossiê Afrodescendentes","http://wp.me/p5MUPu-Ap"
"Edição 66","Arte e cultura","Paisagens sonoras são tema de pesquisa de doutorado","","Arte e cultura","http://wp.me/p5MUPu-At"
"Edição 66","Educação Física","Grupo de Estudos Pedagógicos e Pesquisa em Atletismo","","Educação Física","http://wp.me/p5MUPu-Av"
"Edição 66","Leitura","A nova obscuridade","","Leitura","http://wp.me/p5MUPu-Ax"
"Edição 66","Foto do mês","Recital e masterclass","","Foto do mês","http://wp.me/p5MUPu-Az"
"Edição 66","Opinião","O desequilíbrio nas contas dos Estados","","Opinião","http://wp.me/p5MUPu-AB"
"Edição 65","Editorial","As dimensões do tempo","","Editorial","http://wp.me/p5MUPu-yO"
"Edição 65","Homenagem","Fogueira milenar – Por Paulo Velloso","","Homenagem","http://wp.me/p5MUPu-xb"
"Edição 65","Dossiê Corrupção","A corrupção como arma política","","Dossiê Corrupção","http://wp.me/p5MUPu-x8"
"Edição 65","Dossiê Corrupção","O controle da corrupção","","Dossiê Corrupção","http://wp.me/p5MUPu-x8"
"Edição 65","Dossiê Corrupção","Corrupção aqui e acolá","","Dossiê Corrupção","http://wp.me/p5MUPu-x8"
"Edição 65","Dossiê Corrupção","Do escândalo da FIFA à política do futebol","","Dossiê Corrupção","http://wp.me/p5MUPu-x8"
"Edição 65","Diáspora Africana","O Afro Contemporâneo nas Artes Cênicas","","Diáspora Africana","http://wp.me/p5MUPu-x6"
"Edição 65","Inclusão","Desafios educacionais – Maria Claudia Brito","","Inclusão","http://wp.me/p5MUPu-x0"
"Edição 65","Inclusão","Comprometimento da capacidade de interação não deve ser impedimento – Eliana Marques Zanata","","Inclusão","http://wp.me/p5MUPu-x0"
"Edição 65","Pesquisa","Centro de Pesquisa e Análise de São Paulo","","Pesquisa","http://wp.me/p5MUPu-x4"
"Edição 65","Nanoarte","O lado oculto da natureza – Oscar D’Ambrosio","","Nanoarte","http://wp.me/p5MUPu-x2"
"Edição 65","Educação","Libras por uma Educação Inclusiva – Jessica Miwa / Soraia Marino","","Educação","http://wp.me/p5MUPu-wY"
"Edição 65","Memória","Um genocídio quase esquecido – Carlos Daghlian","","Memória","http://wp.me/p5MUPu-wW"
"Edição 65","Cinema","Uma lista que não é a de Schindler – joão eduardo hidalgo","","Cinema","http://wp.me/p5MUPu-wU"
"Edição 65","Informação","Onde está o bibliotecário? – Bruna Bacalgini","","Informação","http://wp.me/p5MUPu-wS"
"Edição 65","História","Da libertinagem no Brasil colonial","","História","http://wp.me/p5MUPu-wQ"
"Edição 65","Leitura","Livro discute gênero nas ciências sociais – Danielle Chabaud-Rychter / Virginie Descoutures  / Anne-Marie Devreux / Eleni Varikas","","Leitura","http://wp.me/p5MUPu-wO"
"Edição 65","Arte","Diálogo entre musicologia e interpretação – Oscar d’Ambrosio","","Arte","http://wp.me/p5MUPu-wM"
"Edição 65","Foto do mês","80 anos do maestro Samuel Kerr – Chello Fotógrafo","","Foto do mês","http://wp.me/p5MUPu-wK"
"Edição 65","Opinião","John Forbes Nash (1923/2015) – Ney Lemke","","Opinião","http://wp.me/p5MUPu-wI"
"Edição 64","Editorial","Em busca do Coelho Branco, como Alice","","Editorial",""
"Edição 64","Personalidade","Uma experiência empolgante","","Personalidade",""
"Edição 64","Ensino","Educação, ensino médio, português","","Ensino",""
"Edição 64","Ensino","Para além do ENEM – Raquel Lazzari Leite","","Ensino",""
"Edição 64","Homenagem","Adeus, Manoel de Oliveira (11/12/1908","","Homenagem",""
"Edição 64","Competição","Desafio fora de estrada, por Maria Tebet e Mayara Abreu Mendes","","Competição",""
"Edição 64","Aniversário","Nossa eterna Alice","","Aniversário",""
"Edição 64","Inclusão","Estudantes com altas habilidades ou superdotação","","Inclusão",""
"Edição 64","Política","Junho de 2013 no Brasil","","Política",""
"Edição 64","Comunicação","O atentado em Paris e a regulação de mídia","","Comunicação",""
"Edição 64","Comunicação","Da primeira Lei de Imprensa ao Marco Civil da Internet","","Comunicação",""
"Edição 64","Resíduos sólidos","Cooperação com clientes","","Resíduos sólidos",""
"Edição 64","Agroecologia","Conheça o projeto Sustenta Saúde","","Agroecologia",""
"Edição 64","Geofísica","Terremotos, falhas que se espalham no Nepal","","Geofísica",""
"Edição 64","Livro","Como construímos universos, de Montserrat Moreno Marimón e Genoveva Sastre Vilarrasa","","Livro",""
"Edição 64","Arte e cultura","Bordando a existência","","Arte e cultura",""
"Edição 64","Foto do mês","Fábrica de Óperas","","Foto do mês",""
"Edição 64","Opinião","O demorado processo de recuperação da água em reservatórios","","Opinião",""
"Edição 64","Opinião","(Baixe o PDF)","","Opinião","http://www.unespciencia.com.br/pdf/uc64/UC64.pdf"
"Edição 63","Editorial","Acordo entre conteúdo e forma","","Editorial","http://wp.me/p5MUPu-po"
"Edição 63","Personalidade","José Ribeiro Júnior: A história total","","Personalidade","http://wp.me/p5MUPu-pm"
"Edição 63","Homenagem","O centenário de Artigas, arquiteto militante","","Homenagem","http://wp.me/p5MUPu-pk"
"Edição 63","Arquitetura","Vale da Fé","","Arquitetura","http://wp.me/p5MUPu-pi"
"Edição 63","Dossiê Cuba e EUA","Um aperto de mãos e relações bilaterais reatadas","","Dossiê Cuba e EUA","http://wp.me/p5MUPu-pg"
"Edição 63","Dossiê Cuba e EUA","Cuba e o fim do isolamento: êxito da América Latina","","Dossiê Cuba e EUA","http://wp.me/p5MUPu-pg"
"Edição 63","Dossiê Cuba e EUA","Cuba e Estados Unidos: todos ganham?","","Dossiê Cuba e EUA","http://wp.me/p5MUPu-pg"
"Edição 63","Ensino","Educação aberta a alguns cliques de distância","","Ensino","http://wp.me/p5MUPu-pe"
"Edição 63","Dossiê síndrome de Down","A escolarização do estudante","","Dossiê síndrome de Down","http://wp.me/p5MUPu-pc"
"Edição 63","Dossiê síndrome de Down","Entrevista com Anna Augusta Sampaio de Oliveira","","Dossiê síndrome de Down","http://wp.me/p5MUPu-pc"
"Edição 63","Dossiê síndrome de Down","Trabalho de intervenção pedagógica é extremamente importante","","Dossiê síndrome de Down","http://wp.me/p5MUPu-pc"
"Edição 63","Violência","Homofobia na escola","","Violência","http://wp.me/p5MUPu-pa"
"Edição 63","Cinema","Alzheimer nas telas, mais perto de você","","Cinema","http://wp.me/p5MUPu-p8"
"Edição 63","Saúde","Projeto contra cárie já atendeu mais de 6 mil crianças","","Saúde","http://wp.me/p5MUPu-p6"
"Edição 63","História","Vila Madalena, sabe lá o que é isto?","","História","http://wp.me/p5MUPu-p4"
"Edição 63","Leitura","Cortés e seu duplo: pesquisa sobre uma mistificação","","Leitura","http://wp.me/p5MUPu-p2"
"Edição 63","Arte e Cultura","Hannelore Jacobowitz","","Arte e Cultura","http://wp.me/p5MUPu-p0"
"Edição 63","Foto do Mês","O Instituto de Biociências, Letras e Ciências Exatas (Ibilce) da Unesp","","Foto do Mês","http://wp.me/p5MUPu-oY"
"Edição 63","Opinião","Um dia de reflexão","","Opinião","http://wp.me/p5MUPu-oW"
"Edição 62","Editorial","Da memória histórica ao livro digital","","Editorial","http://wp.me/p5MUPu-lL"
"Edição 62","Homenagem","Fausto Castilho (1929-2015), dínamo institucional","","Homenagem","http://wp.me/p5MUPu-lJ"
"Edição 62","Memória","– Por Daniel Patire","","Memória","http://wp.me/p5MUPu-lH"
"Edição 62","Internacionalização","Internacionalização de Instituições de Ensino Superior no Brasil","","Internacionalização","http://wp.me/p5MUPu-lF"
"Edição 62","Gênero","Combate à violência contra a mulher","","Gênero","http://wp.me/p5MUPu-lD"
"Edição 62","Saúde","Intoxicação por carne de baiacu possui alta taxa de mortalidade","","Saúde","http://wp.me/p5MUPu-lz"
"Edição 62","Física","Cem anos da Relatividade Geral.","","Física","http://wp.me/p5MUPu-lx"
"Edição 62","Dossiê México","Ayotzinapa ¡Por un México que tiene que despertar!","","Dossiê México","http://wp.me/p5MUPu-lt"
"Edição 62","Dossiê México","Comentário sobre o massacre do México","","Dossiê México","http://wp.me/p5MUPu-lt"
"Edição 62","Dossiê México","O carnaval mexicano de Jessica Lange","","Dossiê México","http://wp.me/p5MUPu-lv"
"Edição 62","Design","Mostra Jovens Designers","","Design","http://wp.me/p5MUPu-mY"
"Edição 62","Relações Públicas","Comunicação e criatividade","","Relações Públicas","http://wp.me/p5MUPu-lr"
"Edição 62","Dossiê Cinema","– Por Mauro Galetti","","Dossiê Cinema","http://wp.me/p5MUPu-lp"
"Edição 62","Dossiê Cinema","– Por Rodrigo Czajka","","Dossiê Cinema","http://wp.me/p5MUPu-lp"
"Edição 62","Dossiê Cinema","Histórias do Atlântico português, de John Russell-Wood","","Dossiê Cinema","http://wp.me/p5MUPu-ln"
"Edição 62","Pesquisa","Hibridismo: aplicação em arte","","Pesquisa","http://wp.me/p5MUPu-ll"
"Edição 62","Arte e Cultura","Paixão e perseverança, Ana Alice Francisquetti","","Arte e Cultura","http://wp.me/p5MUPu-lj"
"Edição 62","Foto do Mês","Unesp de Jaboticabal","","Foto do Mês","http://wp.me/p5MUPu-n4"
"Edição 62","Opinião","O livro digital e a pesquisa científica","","Opinião","http://wp.me/p5MUPu-lc"
"Edição 61","Editorial","Uma viagem prazerosa","","Editorial","http://www.unespciencia.com.br/2015/02/uma-viagem-prazerosa/"
"Edição 61","Personalidade","Antonio Manoel dos Santos Silva","","Personalidade","http://www.unespciencia.com.br/2015/02/antonio-manoel/"
"Edição 61","Políticas públicas","Lixo acadêmico e má aplicação dos recursos públicos em ciência","","Políticas públicas","http://www.unespciencia.com.br/2015/02/lixo-academico/"
"Edição 61","Políticas públicas","Educação e desenvolvimento","","Políticas públicas","http://www.unespciencia.com.br/2015/02/educacao-e-desenvolvimento/"
"Edição 61","Insubmissas","O feminino na ciência","","Insubmissas","http://www.unespciencia.com.br/2015/02/insubmissas/"
"Edição 61","Dossiê Charlie Hebdo","A fragilidade das ideias (em Paris ou Ubatuba)","","Dossiê Charlie Hebdo","http://www.unespciencia.com.br/2015/02/dossie-charlie-hebdo/"
"Edição 61","Dossiê Charlie Hebdo","Ataque ao Charlie Hebdo exige resposta mais democrática","","Dossiê Charlie Hebdo","http://www.unespciencia.com.br/2015/02/dossie-charlie-hebdo/"
"Edição 61","Dossiê Charlie Hebdo","Entre a culpa e a remissão","","Dossiê Charlie Hebdo","http://www.unespciencia.com.br/2015/02/dossie-charlie-hebdo/"
"Edição 61","Dossiê Charlie Hebdo","A liberdade de expressão e a opinião pública internacional","","Dossiê Charlie Hebdo","http://www.unespciencia.com.br/2015/02/dossie-charlie-hebdo/"
"Edição 61","Dossiê Charlie Hebdo","Charlie Hebdo, Mafalda e Libertad","","Dossiê Charlie Hebdo","http://www.unespciencia.com.br/2015/02/dossie-charlie-hebdo/"
"Edição 61","Dossiê Charlie Hebdo","Sobre democracia, liberdade e tolerância","","Dossiê Charlie Hebdo","http://www.unespciencia.com.br/2015/02/dossie-charlie-hebdo/"
"Edição 61","Relações internacionais","Processos políticos na América Latina contemporânea, por Marcos Jorge","","Relações internacionais","http://www.unespciencia.com.br/2015/02/processos-politicos-na-america-latina-contemporanea/"
"Edição 61","Aniversário","A cidade inimiga","","Aniversário","http://www.unespciencia.com.br/2015/02/a-cidade-inimiga/"
"Edição 61","Aniversário","Jeito diferente de celebrar","","Aniversário","http://www.unespciencia.com.br/2015/02/jeito-diferente-de-celebrar/"
"Edição 61","Astrologia","Planetário para pessoas com deficiência visual","","Astrologia","http://www.unespciencia.com.br/2015/02/planetario-para-pessoas-com-deficiencia-visual/"
"Edição 61","Sempre Unesp","Território e mineração em Carajás","","Sempre Unesp","http://www.unespciencia.com.br/2015/02/territorio-e-mineracao-em-carajas/"
"Edição 61","Leitura","Os judeus e a vida econômica, de Werner Sombart","","Leitura","http://www.unespciencia.com.br/2015/02/os-judeus-e-a-vida-economica/"
"Edição 61","Arte e cultura","Nelson Screnci","","Arte e cultura","http://www.unespciencia.com.br/2015/02/pintura-com-dedicacao/"
"Edição 61","Foto do mês","Reitoria da Unesp, por Chello Fotógrafo","","Foto do mês","http://www.unespciencia.com.br/2015/02/foto-do-mes/"
"Edição 61","Opinião","Uma vez Unesp, sempre Unesp","","Opinião","http://www.unespciencia.com.br/2015/02/uma-vez-unesp-sempre-unesp/"
