"27 de agosto de 2015.","","Controle de mosquitos urbanos com pyriproxyfen disseminado por mosquitos.","Canal Ciencia - IBICT","http://www.canalciencia.ibict.br/pesquisa/0287_Aedes_aegypti_combatendo_a_dengue.html",""
"12 de junho de 2003.","A busca de informação na Internet com base em critérios de relevância e prioridade","A Compressão Semântica nos estoques de informação utilizando filtros de relevância e prioridade.","Canal Ciencia - IBICT","http://www.canalciencia.ibict.br/pesquisa/0120-Internet-sistema-de-busca-de-informacao.html",""
"4 de dezembro de 2015.","A caminho da cura da leishmaniose visceral canina","Lipossomas como sistemas carreadores de fármacos para o tratamento da leishmaniose visceral canina","Canal Ciencia - IBICT","http://www.canalciencia.ibict.br/pesquisa/0295_A_caminho_da_cura_da_leishmaniose_visceral_canina.html",""
"13 de novembro de 2015.","A prática de exercício físico contra a diabetes tipo 2","Efeito do exercício físico agudo sobre o clearance de insulina em camundongos obesos por dieta hiperlipídica.","Canal Ciencia - IBICT","http://www.canalciencia.ibict.br/pesquisa/0292_A_pratica_de_exercicio_fisico_contra_a_diabetes_tipo_2.html",""
"
11 de novembro de 2015.","A seca durante o verão de 2014 na região Sudeste do Brasil","Diagnóstico da chuva durante um evento excepcionalmente seco em São Paulo, Brasil, e A seca durante o verão de 2014 na região Sudeste do Brasil: mecanismos regionais e conexões remotas","Canal Ciencia - IBICT","http://www.canalciencia.ibict.br/pesquisa/0291_A_seca_durante_o_verao_de_2014_na_regiao_Sudeste_do_Brasil.html",""
"30 de março de 2004.","A vitamina E na prevenção de câncer bucal","Alterações da mucosa bucal de camundongos BALB/C submetidos ao Carcinógeno 4NQO: efeito da vitamina E","Canal Ciencia - IBICT","http://www.canalciencia.ibict.br/pesquisa/0209-Vitamina-E-na-prevencao-de-cancer-bucal.html",""
"11 de dezembro de 2002.","Adaptação de peixes a diferentes ambientes na Amazônia","Ecofisiologia e evolução molecular de peixes da Amazônia: subsídios para o manejo e para a conservação das espécies","Canal Ciencia - IBICT","http://www.canalciencia.ibict.br/pesquisa/0072-Adaptacao-de-peixes-a-diferentes-ambientes-na-amazonia.html",""
"28 de agosto de 2003.","Aferição das doses de radiação absorvidas por crianças em exames de raios X para sugerir procedimentos seguros","Exames Radiológicos Infantis em São Paulo: Avaliação Inicial de Procedimentos, Faixa Etária e Dose de Entrada na Pele","Canal Ciencia - IBICT","http://www.canalciencia.ibict.br/pesquisa/0147-Radiacao-raio-X-em-criancas-com-seguranca.html",""
"22 de fevereiro de 2008.","Alternativas para recuperação de áreas degradadas, desenvolvimento sustentável e fortalecimento da agricultura familiar na Amazônia","Desenvolvimento e Validação de Estratégias Participativas de Recuperação de Áreas Agrícolas e Pastagens Degradadas na Amazônia","Canal Ciencia - IBICT","http://www.canalciencia.ibict.br/pesquisa/0228-Recuperacao-areas-degradadas-amazonia.html",""
"26 de junho de 2007.","Amazônia: imagens de satélite como informação para proteger e prevenir acidentes ambientais","Visualização Científica de um Fenômeno Hidrológico na Amazônia com Variação Sazonal","Canal Ciencia - IBICT","http://www.canalciencia.ibict.br/pesquisa/0225-Imagens-de-satelite-na-prevencao-acidentes-ambientais.html",""
"17 de abril de 2008.","Amazônia: pesquisa resgata a história da imigração japonesa e sua contribuição no cultivo de juta e pimenta-do-reino na região","A imigração japonesa na Amazônia: sua contribuição ao desenvolvimento agrícola  ","Canal Ciencia - IBICT","http://www.canalciencia.ibict.br/pesquisa/0229-Imigracao-japonesa-amazonia-agricultura.html",""
"14 de outubro de 2011","Antocianinas: corantes naturais para alimentos, cosméticos, tintas e experiências para ensinar e aprender Química","Estudos com antocianinas extraídas de amora (Morus sp), amora preta (Morus nigra), jabuticaba (Myrtus jaboticaba), jambolão (Syzygium cuminii), jussara (Euterpe edulis Mart) e uva (Vitis vinifera).","Canal Ciencia - IBICT","http://www.canalciencia.ibict.br/pesquisa/0244-Antocianinas-quimica-corantes-naturais.html",""
"17 de abril de 2003.","Antropólogos investigam as memórias indígenas e afrodescendentes do Rio Grande do Norte","Remanescentes Indígenas e Afro-Descendentes do Rio Grande do Norte","Canal Ciencia - IBICT","http://www.canalciencia.ibict.br/pesquisa/0111-Antropologia-memorias-indigenas-afrodescendentes.html",""
"30 de maio de 2016.","Aplicação de laser na cabeça pode aliviar dores no corpo","Interação de laser com neurônios: óptica de tecidos e Fotoneuromodulação da dor","Canal Ciencia - IBICT","http://www.canalciencia.ibict.br/pesquisa/0304_Aplicacao_de_laser_na_cabeca_pode_aliviar_dores_no_corpo.html",""
"09 de dezembro de 2002.","Aquecedores solares de baixo custo: alternativas tecnológicas e sociais eficientes","Aquecedores Solares de Baixo Custo (ASBCs) ","Canal Ciencia - IBICT","http://www.canalciencia.ibict.br/pesquisa/0053-Aquecedores-solares-de-baixo-custo.html",""
"11 de dezembro de 2002.","Astronomia brasileira desvenda mistérios da estrela mais luminosa da Via Láctea","Astronomia brasileira desvenda mistérios da estrela mais luminosa da Via Láctea ","Canal Ciencia - IBICT","http://www.canalciencia.ibict.br/pesquisa/0069-Astronomia-brasileira-estrela-mais-luminosa-eta-carinae.html",""
"10 de dezembro de 2002.","Astrônomos estudam química de estrelas gigantes vermelhas para entender a evolução da Grande Nuvem de Magalhães","Astrônomos estudam química de estrelas gigantes vermelhas para entender a evolução da Grande Nuvem de Magalhães","Canal Ciencia - IBICT","http://www.canalciencia.ibict.br/pesquisa/0067-Astronomia-evolucao-quimica-estrelas-gigantes-vermelhas.html",""
"10 de dezembro de 2002.","Atlas da irradiação solar do Brasil: subsídio para alternativas energéticas","projeto SWERA ","Canal Ciencia - IBICT","http://www.canalciencia.ibict.br/pesquisa/0063-Atlas-irradiacao-solar-do-Brasil.html",""
"18 de dezembro de 2003.","Avaliação das comunidades de sapos como bioindicadoras da saúde ambiental é meta de pesquisa na Amazônia Central","Avaliação do potencial de fatores abióticos como indicadores da diversidade de anuros em uma área da Amazônia central: subsídios para a conservação integrada de espécies","Canal Ciencia - IBICT","http://www.canalciencia.ibict.br/pesquisa/0187-Comunidades-sapos-bioindicadoras-saude-ambiental.html",""
"29 de janeiro de 2015.","Avaliação do ciclo de vida da produção de biodiesel de dendê","","Canal Ciencia - IBICT","http://www.canalciencia.ibict.br/pesquisa/0273-Avaliacao-do-ciclo-de-vida-da-producao-de-biodiesel-de-dende.html",""
"12 de maio de 2016.","Bactéria encontrada no solo da Amazônia desperta interesse farmacêutico","","Canal Ciencia - IBICT","http://www.canalciencia.ibict.br/pesquisa/0303_Bacteria_da_Amazonia_desperta_interesse_farmaceutico.html",""
"11 de dezembro de 2002.","Bioacústica estuda peixes-boi, botos e tucuxis através do som","Estudos Preliminares de Bioacústica na Reserva de Desenvolvimento Sustentável do Lago Amanã","Canal Ciencia - IBICT","http://www.canalciencia.ibict.br/pesquisa/0081-Bioacustica-mamiferos-aquaticos-comportamento-animal-amazonia.html",""
"14 de dezembro de 2002.","Biodiversidade da área de confluência dos rios Negro e Solimões: o catalão","Estrutura e dinâmica do ecótono catalão","Canal Ciencia - IBICT","http://www.canalciencia.ibict.br/pesquisa/0091-Biodiversidade-de-catalao-rios-Negro-e-Solimoes.html",""
"22 de janeiro de 2004.","Biodiversidade de insetos e ácaros da Amazônia","Biodiversidade de Arthropoda no Manejo e Conservação: um Modelo Amazônico","Canal Ciencia - IBICT","http://www.canalciencia.ibict.br/pesquisa/0192-Biodiversidade-de-insetos-e-acaros-da-Amazonia.html",""
"19 de agosto de 2011.","Biologia reprodutiva da arara-azul-de-Lear na Estação Biológica de Canudos","Biologia reprodutiva da arara-azul-de-Lear Anodorhynchus leari na Estação Biológica de Canudos","Canal Ciencia - IBICT","http://www.canalciencia.ibict.br/pesquisa/0241-Biologia-reprodutiva-arara-azul-lear.html",""
"18 de dezembro de 2003.","Bioprospecção de plantas da Amazônia para produção de inseticidas naturais","Prospecção e avaliação de plantas da Amazônia com potencial de uso inseticida","Canal Ciencia - IBICT","http://www.canalciencia.ibict.br/pesquisa/0188-Inseticidas-naturais-derivados-plantas-da-Amazonia.html",""
"12 de fevereiro de 2004.","Biólogos marinhos estudam efeito de diversos microrelevos de costão rochoso no desenvolvimento de comunidade onde estão presentes dois potenciais bioinvasores","Sucessão ecológica no Costão Rochoso, Influência da Heterogeneidade Espacial no Recrutamento e Estruturação da Comunidade.","Canal Ciencia - IBICT","http://www.canalciencia.ibict.br/pesquisa/0196-Bioinvasores-em-costoes-rochosos.html",""
"25 de julho de 2003.","Biólogos realizam inventário detalhado das espécies de flora e fauna do Cerrado brasileiro","Inventário da Diversidade Biológica do Complexo Jauru – subsídios à conservação e manejo","Canal Ciencia - IBICT","http://www.canalciencia.ibict.br/pesquisa/0135-Inventario-da-flora-e-fauna-Cerrado-brasileiro.html",""
"16 de março de 2004.","Busca por novos medicamentos contra a malária em plantas tradicionais da Amazônia","Busca de novos antimaláricos a partir de plantas ativas e de moléculas correlatas","Canal Ciencia - IBICT","http://www.canalciencia.ibict.br/pesquisa/0205-Desenvolvimento-medicamentos-contra-malaria-plantas-amazonicas.html",""
"09 de dezembro de 2002.","Camarões e caranguejos da Amazônia","Sistemática e zoogeografia da fauna de crustáceos das águas continentais da Amazônia.","Canal Ciencia - IBICT","http://www.canalciencia.ibict.br/pesquisa/0059-Camaroes-e-caranguejos-da-amazonia.html",""
"26 de agosto de 2014","Caminhada de seis minutos ajuda a avaliar o risco de cirurgias cardíacas","Estudo do Teste de Caminhada de 6 Minutos, Variabilidade da Frequência Cardíaca, Função Pulmonar e Força Muscular Respiratória em Crianças e Adolescentes Submetidos à Correção Cirúrgica de Cardiopatia Congênita","Canal Ciencia - IBICT","http://www.canalciencia.ibict.br/pesquisa/0268-Caminhada-6-minutos-ajuda-avaliar-risco-cirurgia-cardiaca.html",""
"05 de junho de 2003.","Casa Solar Eficiente como agente multiplicador de tecnologias no combate ao desperdício de energia","Aplicação de Energia Alternativa - Pesquisa e Divulgação","Canal Ciencia - IBICT","http://www.canalciencia.ibict.br/pesquisa/0118-Casa-Solar-agente-multiplicador-tecnologias-desperdicio-energia.html",""
"15 de setembro de 2016.","Castanha do brasil pode ajudar a combater a doença de Alzheimer","Efeitos do consumo de castanha-do-brasil (Bertholetia excelsa H.B.K.) sobre o estresse oxidativo em pacientes com comprometimento cognitivo leve e a relação com variações em genes de selenoproteínas","Canal Ciencia - IBICT","http://www.canalciencia.ibict.br/pesquisa/0310_Castanha_do_brasil_pode_ajudar_combater_doenca_de_Alzheimer",""
"09 de dezembro de 2002.","Causas e conseqüências da contaminação por mercúrio da bacia do rio Negro","Projeto Mercurion:o Mercúrio no Rio Negro","Canal Ciencia - IBICT","http://www.canalciencia.ibict.br/pesquisa/0055-Contamincao-da-bacia-do-Rio-Negro-por-mercurio.html",""
"10 de outubro de 2003.","Censo da população do macaco-prego-do-peito-amarelo estuda distribuição e hábitos da espécie para evitar sua extinção","Avaliação das populações do macaco-prego-do-peito-amarelo (Cebus xanthosternos) e proposta de estratégia para manejo e conservação da espécie","Canal Ciencia - IBICT","http://www.canalciencia.ibict.br/pesquisa/0159-Censo-populacao-macaco-prego-do-peito-amarelo.html",""
"17 de abril de 2003.","Cientistas aprimoram a proteção radiológica em consultórios de dentistas","","Canal Ciencia - IBICT","http://www.canalciencia.ibict.br/pesquisa/0110-Cientistas-protecao-radiologica-consultorios-dentistas.html",""
"20 de fevereiro de 2002.","Cientistas associam a presença de um isótopo radioativo no corpo humano com o ganho de massa muscular","Utilização da técnica de medida in vivo de K-40 como indicador biológico da massa muscular em seres humanos ","Canal Ciencia - IBICT","http://www.canalciencia.ibict.br/pesquisa/0105-Isotopo-radioativo-natural-do-corpo-humano-como-indicador-massa-muscular.html",""
"17 de novembro de 2003.","Cientistas brasileiros vencem concorrência internacional para avaliar áreas de jazidas de ouro contaminadas por mercúrio","Diagnóstico ambiental e de saúde sobre os efeitos do mercúrio em áreas de garimpo de ouro no Brasil e na Indonésia","Canal Ciencia - IBICT","http://www.canalciencia.ibict.br/pesquisa/0168-Concorrencia-internacional-areas-jazidas-ouro-contaminadas-mercurio.html",""
"30 de março de 2004.","Cientistas comprovam relação bioquímica entre emissões de gases da floresta e regime de chuvas do clima amazônico","Formação de aerossóis orgânicos através da foto-oxidação do isoprene","Canal Ciencia - IBICT","http://www.canalciencia.ibict.br/pesquisa/0212-Relacao-bioquimica-entre-emissoes-gases-e-regime-chuvas.html",""
"10 de dezembro de 2002.","Cientistas criam Atlas Eólico da Região Nordeste do Brasil","Análise do potencial eólico para implantação de centrais eólicas de grande porte.","Canal Ciencia - IBICT","http://www.canalciencia.ibict.br/pesquisa/0062-Atlas-eolico-fonte-natural-energia-regiao-nordeste.html",""
"30 de setembro de 2003.","Cientistas criam laboratório de ergonomia avançado para aprimorar a relação homem/máquina em centrais nucleares","Laboratório Interfaces Homem/Sistema (LABIHS)","Canal Ciencia - IBICT","http://www.canalciencia.ibict.br/pesquisa/0157-Laboratorio-ergonomia-homem-maquina-centrais-nucleares.html",""
"30 de setembro de 2003.","Cientistas definem os aspectos espaciais dos fluxos de Carbono na Amazônia e suas conseqüências ecológicas","Integração Espacial do Balanço Regional de Carbono na Amazônia","Canal Ciencia - IBICT","http://www.canalciencia.ibict.br/pesquisa/0156-Aspectos-espaciais-dos-fluxos-de-Carbono.html",""
"05 de novembro de 2003.","Cientistas desenvolvem equipamento de precisão de baixo custo para medir as chuvas em plantações e otimizar produção","Monitoramento e Modelagem da Persistência do Molhamento Foliar em um Cafezal da Região Serrana Fluminense ","Canal Ciencia - IBICT","http://www.canalciencia.ibict.br/pesquisa/0167-Equipamento-de-precisao-para-medir-chuvas-plantacoes.html",""
"22 de setembro de 2003.","Cientistas desenvolvem simuladores de mamas para diminuir riscos para pacientes e facilitar pesquisas","Construção de Simuladores de Mama do tipo Voxel, através de Imagens Tomográficas","Canal Ciencia - IBICT","http://www.canalciencia.ibict.br/pesquisa/0153-Simuladores-virtuais-de-mamas.html",""
"05 de fevereiro de 2003.","Cientistas desenvolvem sistema de avaliação de contaminação radioativa em situações de emergência","Desenvolvimento de um sistema integrado para avaliação de impacto radiológico ambiental em situações de emergência","Canal Ciencia - IBICT","http://www.canalciencia.ibict.br/pesquisa/0103-Contaminacao-radioativa-situacao-emergencia.html",""
"12 de fevereiro de 2004.","Cientistas desenvolvem sistemas de monitoramento e aplicação de radiação ultravioleta para fins tecnológicos","Monitoramento e aplicação da radiação ultravioleta para fins tecnológicos","Canal Ciencia - IBICT","http://www.canalciencia.ibict.br/pesquisa/0197-Tecnologias-de-aplicacao-de-radiacao-ultravioleta.html",""
"03 de julho de 2003.","Cientistas desenvolvem tecnologia nacional para as inovadoras células a combustível","Produção de Hidrogênio para Células a Combustível a partir do etanol","Canal Ciencia - IBICT","http://www.canalciencia.ibict.br/pesquisa/0125-Tecnologia-nacional-para-producao-celulas-a-combustivel.html",""
"07 de abril de 2003.","Cientistas estudam a radioatividade em águas subterrâneas brasileiras","Ocorrência de isótopos radioativos naturais nas águas subterrâneas da Região dos Lagos-Rio de Janeiro","Canal Ciencia - IBICT","http://www.canalciencia.ibict.br/pesquisa/0106-Radioatividade-em-aguas-subterraneas-brasileiras.html",""
"05 de novembro de 2003.","Cientistas estudam como mudanças causadas pelo homem em florestas amazônicas afetam o desenvolvimento das plantas","Mudanças Antropogênicas na paisagem. Cenários de Terras e a Dinâmica da Biomassa de Florestas da Amazônia","Canal Ciencia - IBICT","http://www.canalciencia.ibict.br/pesquisa/0165-Impacto-mudancas-causadas-pelo-homem-sobre-plantas-amazonicas.html",""
"11 de dezembro de 2002.","Cientistas estudam formas alternativas de controle da malária","Controle da Malária em Áreas de Exploração de Petróleo pela Petrobras","Canal Ciencia - IBICT","http://www.canalciencia.ibict.br/pesquisa/0071-Formas-alternativas-controle-malaria-amazonia.html",""
"12 de junho de 2003.","Cientistas estudam impacto de inundações e vazantes nos seres vivos em áreas alagáveis da Amazônia Central","Dinâmica das interações bioecológicas e pulso de inundação em áreas alagáveis. ","Canal Ciencia - IBICT","http://www.canalciencia.ibict.br/pesquisa/0121-Impacto-de-inundacoes-e-vazantes-areas-alagaveis-Amazonia-Central.html",""
"03 de dezembro de 2003.","Cientistas estudam mamíferos da Chapada Diamantina para compreender evolução de espécies da Mata Atlântica","Diversidade dos mamíferos da Chapada Diamantina: biogeografia, variação genética e diferenciação morfológica","Canal Ciencia - IBICT","http://www.canalciencia.ibict.br/pesquisa/0181-Cientistas-estudam-mamiferos-da-Chapada-Diamantina.html",""
"26 de novembro de 2003.","Cientistas estudam métodos para detectar vírus da hepatite A em águas de rios, lagoas, mananciais e esgotos","Desenvolvimento de Metodologias para detecção do vírus de Hepatite A em amostras ambientais","Canal Ciencia - IBICT","http://www.canalciencia.ibict.br/pesquisa/0174-Deteccao-virus-hepatiteA-na-agua.html",""
"03 de dezembro de 2003.","Cientistas estudam produtos renováveis das leguminosas arbóreas da Amazônia","Potencial bio-econômico de leguminosas do baixo Rio Negro, Amazonas, Brasil","Canal Ciencia - IBICT","http://www.canalciencia.ibict.br/pesquisa/0183-Produtos-renovaveis-de-leguminosas-arboreas.html",""
"20 de dezembro de 2002.","Cientistas mapeiam distribuição de insetos na Amazônia Distante","Sistemática da entomofauna e de algumas plantas aquáticas associadas, na Amazônia.","Canal Ciencia - IBICT","http://www.canalciencia.ibict.br/pesquisa/0097-Distribuicao-insetos-Amazonia-distante.html",""
"22 de agosto de 2003.","Cientistas medem riscos de exposição à radiação nos trabalhos em poços de petróleo e na extração de minérios","Exposições ocupacionais aos materiais radioativos de ocorrência natural modificados tecnologicamente (TENORM)","Canal Ciencia - IBICT","http://www.canalciencia.ibict.br/pesquisa/0144-Exposicao-a-radiacao-em-pocos-petroleo-e-extracao-minerios.html",""
"17 de novembro de 2003.","Cientistas pesquisam a genética do feijão para possibilitar a melhoria das plantações.","Mapeamento genético e análise molecular com marcadores microssatélites em genótipos de feijão (Phaseolus vulgaris L)","Canal Ciencia - IBICT","http://www.canalciencia.ibict.br/pesquisa/0169-Melhoramento-genetico-do-feijao.html",""
"09 de setembro de 2003.","Cientistas propõem parcerias pela sustentabilidade hídrica de regiões semi-áridas com reconhecido potencial mineral","Rede temática de Ciência & Tecnologia: sustentabilidade hídrica do semi-árido em áreas piloto: Lagoa Real (Ba), Guaribas (Pi), Araripina (Pe)","Canal Ciencia - IBICT","http://www.canalciencia.ibict.br/pesquisa/0149-Parcerias-pela-sustentabilidade-hidrica-de-regioes-semiaridas.html",""
"25 de julho de 2003.","Cientistas propõem uso de rejeitos minerais para a produção de fertilizantes potássicos","Desenvolvimento de rota para produção de potássio a partir de feldspato potássico ","Canal Ciencia - IBICT","http://www.canalciencia.ibict.br/pesquisa/0136-Rejeitos-minerais-producao-fertilizantes-potassicos.html",""
"03 de dezembro de 2003.","Cientistas usam caranguejos para avaliar contaminação de manguezais por petróleo","Monitoramento da Contaminação por Óleo em Manguezais: desenvolvimento de novas abordagens","Canal Ciencia - IBICT","http://www.canalciencia.ibict.br/pesquisa/0177-Caranguejos-para-avaliar-contaminacao-manguezais-petroleo.html",""
"28 de agosto de 2003.","Cientistas usam scanner tridimensional para descobrir e disponibilizar as verdadeiras medidas da população brasileira","Pesquisa Antropométrica Tridimensional da População Brasileira - PATPB","Canal Ciencia - IBICT","http://www.canalciencia.ibict.br/pesquisa/0146-Medidas-antropometricas-da-populacao-brasileira.html",""
"22 de janeiro de 2004.","Ciência mede trocas de carbono entre a Amazônia e a atmosfera devido a extração seletiva, incêndio e regeneração florestal","O impacto da extração madeireira e dos incêndios florestais no fluxo de carbono das florestas da Amazônia ","Canal Ciencia - IBICT","http://www.canalciencia.ibict.br/pesquisa/0191-Trocas-de-carbono-na-amazonia-projeto-LBA.html",""
"07 de abril de 2003.","Ciência mostra porque preservar a vegetação de mangues e restingas é essencial para as comunidades pesqueiras","A importância das formações vegetais da restinga e do manguezal para as comunidades pesqueiras","Canal Ciencia - IBICT","http://www.canalciencia.ibict.br/pesquisa/0109-Preservacao-mangues-restingas-comunidades-pesqueiras.html",""
"17 de dezembro de 2002.","Ciência propõe desenvolvimento sustentável no Alto Solimões","Bases para o desenvolvimento sustentável do Alto Solimões","Canal Ciencia - IBICT","http://www.canalciencia.ibict.br/pesquisa/0094-Desenvolvimento-sustentavel-Alto-Solimoes.html",""
"18 de novembro de 2003.","Coleta seletiva de lixo implantada em condomínio residencial como forma de Educação Ambiental","Coleta seletiva de lixo em condomínios da cidade de Uberlândia, MG: um estudo-piloto","Canal Ciencia - IBICT","http://www.canalciencia.ibict.br/pesquisa/0171-Coleta-seletiva-lixo-implantada-condominio-Educacao-Ambiental.html",""
"6 de fevereiro de 2015.","Como a alfabetização influencia o funcionamento do nosso cérebro","How Learning to Read Changes the Cortical Networks for Vision and Language","Canal Ciencia - IBICT","http://www.canalciencia.ibict.br/pesquisa/0274-Como-a-alfabetizacao-influencia-o-funcionamento-do-nosso-cerebro.html",""
"05 de dezembro 2013","Como a negligência sofrida na infância afeta a memória de mulheres usuárias de crack","Codificação da Memória e Negligência na Infância em Dependentes de Crack","Canal Ciencia - IBICT","http://www.canalciencia.ibict.br/pesquisa/0257-Negligencia-sofrida-na-infancia-afeta-a-memoria-de-mulheres-usuarias-de-crack",""
"7 de março de 2014.","Como recuperar materiais de baterias de celular usadas?","Método hidrometalúrgico para reciclagem de metais terras raras, cobalto, níquel, ferro e manganês de eletrodos negativos de baterias exauridas de Ni-MH de telefone celular.","Canal Ciencia - IBICT","http://www.canalciencia.ibict.br/pesquisa/0261-Como-recuperar-material-de-baterias-de-celular-usadas.html",""
"04 de maio de 2016.","Como se formam as galáxias?","Galáxias próximas e distantes: uma busca para entender os processos que formam e transformam as galáxias","Canal Ciencia - IBICT","http://www.canalciencia.ibict.br/pesquisa/0302_Como_se_formam_as_galaxias.html",""
"17 de agosto de 2015","Compartilhando experiências agrícolas no semiárido","Adaptação da agricultura familiar a eventos ambientais extremos no semiárido brasileiro ","Canal Ciencia - IBICT","http://www.canalciencia.ibict.br/pesquisa/0285_Compartilhando_experiencias_agricolas_no_semiarido.html",""
"26 de junho de 2003.","Computadores digitalizam modelos tridimensionais dos dinossauros brasileiros","Reconstituição Virtual e Física de Fósseis Vertebrados Brasileiros.","Canal Ciencia - IBICT","http://www.canalciencia.ibict.br/pesquisa/0122-Computadores-digitalizam-modelos-tridimensionais-dos-dinossauros.html",""
"23 de maio de 2005.","Computação gráfica e prototipagem rápida dinamizam e aprimoram cirurgias complexas","Prototipagem Rápida na Medicina (Promed)","Canal Ciencia - IBICT","http://www.canalciencia.ibict.br/pesquisa/0215-Computacao-grafica-prototipagem-rapida-cirurgias-complexas.html",""
"20 de maio de 2014.","Conservação das cavernas da bacia do rio São Francisco","Plano de Ação Nacional para a Conservação do Patrimônio Espeleológico nas Áreas Cársticas da Bacia do Rio São Francisco (PAN Cavernas do São Francisco)","Canal Ciencia - IBICT","http://www.canalciencia.ibict.br/pesquisa/0262-Conservacao-das-cavernas-bacia-rio-sao-francisco.html",""
"1 de setembro de 2014","Conservação do muriqui-do-norte no Espírito Santo","Projeto Muriqui - ES","Canal Ciencia - IBICT","http://www.canalciencia.ibict.br/pesquisa/0269-Conservacao-muriqui-do-norte-no-Espirito-Santo.html",""
"02 de dezembro de 2002.","Conservação e pesca manejada dos Pirarucus e Aruanãs","Biologia de Osteoglossiformes nas Várzeas da Reserva Mamirauá","Canal Ciencia - IBICT","http://www.canalciencia.ibict.br/pesquisa/0011-Pesca-desenvolvimento-sustentavel-amazonia-pirarucus-aruanas.html",""
"17 de outubro de 2016.","Contaminação da água na Terra Indígena Yanomami","Água e saúde dos povos indígenas Yanomami (região Tootobi, Balawaú, Demini e Paapiu) e Wapishana (Maloca da Malacacheta), Brasil","Canal Ciencia - IBICT","http://www.canalciencia.ibict.br/pesquisa/0311_Contaminacao_da_agua_na_Terra_Indigena_Yanomami",""
"12 de fevereiro de 2016.","Coral invasor ameaça a biodiversidade marinha brasileira","Projeto Coral-Sol: Rede Coral-Sol de Pesquisa, Desenvolvimento Tecnológica e Inovação.","Canal Ciencia - IBICT","http://www.canalciencia.ibict.br/pesquisa/0298_Coral_invasor_ameaca_biodiversidade_marinha_brasileira",""
"08 de março de 2016.","Corante índigo reduz inflamação intestinal","Avaliação do efeito do alcaloide bis-indólico índigo em modelos experimentais de colite","Canal Ciencia - IBICT","http://www.canalciencia.ibict.br/pesquisa/0299_Corante_indigo_reduz_inflamacao_intestinal.html",""
"30 de março de 2004.","Corredor Central da Mata Atlântica: uma estratégia para reverter a fragmentação florestal no sul da Bahia","Abordagens ecológicas e instrumentos econômicos para o estabelecimento do Corredor Central da Mata Atlântica: uma estratégia para reverter a fragmentação florestal na Mata Atlântica do Sul da Bahia","Canal Ciencia - IBICT","http://www.canalciencia.ibict.br/pesquisa/0213-Corredor-Central-da-Mata-Atlantica.html",""
"24 de junho de 2014","Cravo-da-índia contra dengue e malária","Atividade larvicida de extratos de cravo-da-índia e eugenol contra Aedes aegypti e Anopheles darlingi.","Canal Ciencia - IBICT","http://www.canalciencia.ibict.br/pesquisa/0266-Cravo-da-india-contra-dengue-e-malaria.html",""
"11 de dezembro de 2002.","Cultivos agrícolas variados melhoram a qualidade de vida na Reserva de Desenvolvimento Sustentável Mamirauá","Mudanças nos padrões agrícolas de comunidades e residências da reserva de desenvolvimento sustentável Mamirauá","Canal Ciencia - IBICT","http://www.canalciencia.ibict.br/pesquisa/0068-Cultivos-variados-melhoram-qualidade-de-vida-na-Amazonia.html",""
"02 de outubro de 2008.","De Darwin às escolas do século XXI: ciência itinerante e interdisciplinar na Serra da Tiririca","Darwin na Serra da Tiririca: caminhos entrecruzados entre a biologia e a história","Canal Ciencia - IBICT","http://www.canalciencia.ibict.br/pesquisa/0230-Darwin-ciencia-itinerante-e-interdisciplinar-Serra-Tiririca.html",""
"16 de março de 2011.","Desenvolvimento de pesquisas sobre uvas, sucos, vinhos e a composição química desses produtos no Nordeste do Brasil","Desenvolvimento de novos vinhos tropicais, com alta qualidade e tipicidade, para fortalecer e dar sustentabilidade ao setor vitivinícola do Vale do Submédio São Francisco","Canal Ciencia - IBICT","http://www.canalciencia.ibict.br/pesquisa/0240-Uvas-vinhos-composicao-quimica-Vale-do-Sao-Francisco.html",""
"ublicado em 31 de janeiro de 2004.","Desenvolvimento de vacinas contra o vírus da dengue","Desenvolvimento de vacinas de DNA contra o vírus da dengue","Canal Ciencia - IBICT","http://www.canalciencia.ibict.br/pesquisa/0194-Vacinas-contra-virus-dengue.html",""
"20 de dezembro de 2016.","Desenvolvimento de veículos individuais: eficiência energética","Desenvolvimento de veículos individuais: eficiência energética","Canal Ciencia - IBICT","http://www.canalciencia.ibict.br/pesquisa/0314_Desenvolvimento_de_veiculos_individuais_eficiencia_energetica.html",""
" 30 de junho de 2003.","Design para sustentabilidade: móveis com garrafas descartáveis geram renda para cooperativa de catadores de lixo","Design apoiando ações que conjugam aspectos ecológicos e sociais: desenvolvimento de produtos utilizando garrafas PET descartadas","Canal Ciencia - IBICT","http://www.canalciencia.ibict.br/pesquisa/0124-Design-para-sustentabilidade-moveis-com-garrafas-descartaveis.html",""
"09 de dezembro de 2002.","Desmatamento nas várzeas amazônicas ameaça fauna fluvial","Efeito do desmatamento da várzea sobre a fauna de invertebrados, peixes e quelônios","Canal Ciencia - IBICT","http://www.canalciencia.ibict.br/pesquisa/0058-Desmatamento-amazonia-floresta-varzea-fauna-fluvial.html",""
"06 de fevereiro de 2014","Detectores de gases tóxicos","Semicondutores magnéticos diluidos nanoestruturados e o seu uso como sensores de gás","Canal Ciencia - IBICT","http://www.canalciencia.ibict.br/pesquisa/0259-Detectores-gases-toxicos.html",""
"17 de dezembro de 2002.","Dinâmica ecológica e zoneamento ambiental de savanas amazônicas","As interações entre savanas e florestas na Amazônia e sua importância para a biodiversidade.","Canal Ciencia - IBICT","http://www.canalciencia.ibict.br/pesquisa/0095-Dinamica-ecologica-zoneamento-ambiental-savanas-amazonicas.html",""
"11 de dezembro de 2002.","Diretrizes para conservação e manejo da fauna e flora da reserva florestal Adolpho Ducke","Funcionamento e biodiversidade de ecossistemas terrestres sob diferentes níveis de impactos antrópicos na amazônia central ","Canal Ciencia - IBICT","http://www.canalciencia.ibict.br/pesquisa/0085-Manejo-fauna-flora-reserva-Adolpho-Ducke.html",""
"20 de fevereiro de 2017.","E se substituíssemos os táxis por veículos elétricos?","Simulation of the impacts on carbon dioxide emissions from replacement of a conventional Brazilian taxi fleet by electric vehicles","Canal Ciencia - IBICT","http://www.canalciencia.ibict.br/pesquisa/0316_Impacto_da_substituicao_de_taxis_por_EVs",""
"03 de dezembro de 2003.","Ecologia e história natural das serpentes do Rio Grande do Sul inovam métodos de estudo dos ofídios no Brasil","História natural, ecologia e conservação de serpentes no Litoral Norte do Rio Grande do Sul, Brasil","Canal Ciencia - IBICT","http://www.canalciencia.ibict.br/pesquisa/0175-Ecologia-historia-natural-serpentes-RS.html",""
"23 de julho de 2003.","Efeitos da fragmentação do Cerrado sobre a biodiversidade","Estrutura e dinâmica da biota de isolados naturais e antrópicos de Cerrado: lições para a biologia da conservação","Canal Ciencia - IBICT","http://www.canalciencia.ibict.br/pesquisa/0130-Efeitos-fragmentacao-Cerrado-sobre-biodiversidade.html",""
"11 de dezembro de 2002.","Eficiência energética em edificações","Desenvolvimento de CD-ROM multimídia e livro sobre Eficiência Energética na Arquitetura ","Canal Ciencia - IBICT","http://www.canalciencia.ibict.br/pesquisa/0078-Eficiencia-energetica-de-edificacoes.html",""
"17 de fevereiro de 2012.","Embalagem biodegradável a base de fécula de mandioca e agente antimicrobiano natural","Desenvolvimento de embalagem biodegradável ativa a base de fécula de mandioca e agentes antimicrobianos naturais","Canal Ciencia - IBICT","http://www.canalciencia.ibict.br/pesquisa/0247-Embalagem-biodegradavel-com-acao-contra-microrganismos.html",""
"11 de maio de 2015.","Emissões de gases de efeito estufa na Amazônia","Determinação da emissão de metano da Bacia Amazônica","Canal Ciencia - IBICT","http://www.canalciencia.ibict.br/pesquisa/0279_Emissoes_de_gases_de_efeito_estufa_na_Amazonia.html",""
"31 de janeiro de 2004.","Engenheiros brasileiros desenvolvem pesquisas para aumentar a segurança das usinas nucleares","Análise da circulação natural no sistema passivo de refrigeração de um reator nuclear. ","Canal Ciencia - IBICT","http://www.canalciencia.ibict.br/pesquisa/0195-Pesquisas-para-aumentar-seguranca-de-usinas-nucleares.html",""
"01 de dezembro de 2002.","Enriquecer floresta é alternativa ecológica para produtores rurais","Enriquecimento de Propriedades Rurais do Amazonas com Espécies de Importância Econômica","Canal Ciencia - IBICT","http://www.canalciencia.ibict.br/pesquisa/0007-Enriquecimento-florestal-por-produtores-rurais.html",""
" 22 de maio de 2003.","Equipamento inovador mede a importância dos raios solares para a densidade da floresta tropical amazônica","1) Interceptação de Radiação Solar e Distribuição Espacial de Área Foliar em Floresta de Terra Firme da Amazônia Central, Brasil; 2) Atenuação de radiação solar e distribuição vertical de área foliar em floresta – Reserva Jaru, Rondônia, Brasil; 3) Radiação solar e distribuição vertical de área foliar em floresta – Reserva Biológica do Cuieiras, ZF2, Manaus.","Canal Ciencia - IBICT","http://www.canalciencia.ibict.br/pesquisa/0114-Importancia-raios-solares-para-densidade-floresta-amazonica.html",""
"11 de maio de 2003.","Equipamento inovador para monitorar a qualidade da água doce em represas e reservatórios","Desenvolvimento de Sistemas de Suporte à Decisão no Gerenciamento de Reservatórios de Abastecimento Público e Hidrelétricas","Canal Ciencia - IBICT","http://www.canalciencia.ibict.br/pesquisa/0166-Monitoramento-qualidade-da-agua-em-reservatorios.html",""
"31 de março de 2016.","Erosões em bordas de reservatórios","Monitoramento e estudo de técnicas alternativas na estabilização de processos erosivos em reservatórios de UHEs","Canal Ciencia - IBICT","http://www.canalciencia.ibict.br/pesquisa/0300_Erosoes_em_bordas_de_reservatorios.html",""
"13 de maio de 2015.","Estrelas estranhas no Universo","","Canal Ciencia - IBICT","http://www.canalciencia.ibict.br/pesquisa/0280_Estrelas_Estranhas_no_universo.html",""
"23 de fevereiro de 2006.","Estudo analisa mercado e produtos gerados pelo emprego industrial da fibra de coco","Desenvolvimento de Projeto para o Aproveitamento da Fibra do Coco na Fabricação de Materiais Compósitos com Aplicação Comercial e Inovação Tecnológica","Canal Ciencia - IBICT","http://www.canalciencia.ibict.br/pesquisa/0222-Emprego-industrial-fibra-coco-UFRN.html",""
"17 de abril de 2003.","Estudo de proteína do vírus da Hepatite B com Luz Sincrotron pode levar a novos remédios contra câncer do fígado","Análise Estrutural e Funcional da Proteína HBx do Vírus da Hepatite B ","Canal Ciencia - IBICT","http://www.canalciencia.ibict.br/pesquisa/0113-Novos-remedios-contra-o-cancer-de-figado.html",""
"14 de agosto de 2003.","Estudo para eliminar metais radioativos e outros de efluentes industriais pode recuperar águas para uso agrícola ou industrial","Eliminação de elementos radioativos naturais e de metais pesados em efluentes de mineração visando o uso agrícola das águas de drenagem e a recuperação dos metais.","Canal Ciencia - IBICT","http://www.canalciencia.ibict.br/pesquisa/0140-Eliminacao-metais-radioativos-e-efluentes-industriais-recupera-agua.html",""
"10 de março de 2006.","Estudo sobre a história e o desenvolvimento das linhas de pesquisas da matemática no Brasil","Desenvolvimento da Pesquisa Matemática no Brasil","Canal Ciencia - IBICT","http://www.canalciencia.ibict.br/pesquisa/0223-Historia-desenvolvimento-das-linhas-de-pesquisas-matematica-no-Brasil.html",""
"11 de julho de 2003.","Estudo sobre o potencial de reúso da água nas indústrias de Manaus como instrumento para o desenvolvimento sustentável","Reuso de Água no Distrito Industrial de Manaus e a Importância das Águas Locais","Canal Ciencia - IBICT","http://www.canalciencia.ibict.br/pesquisa/0128-Reuso-da-agua-nas-industrias-de-Manaus.html",""
"01 de dezembro de 2002.","Evolução de bagres e peixes elétricos amazônicos","Estratégias evolutivas em peixes amazônicos: Gymnotiformes e Siluriformes","Canal Ciencia - IBICT","http://www.canalciencia.ibict.br/pesquisa/0005-Evolucao-bagres-peixes-eletricos-amazonicos.html",""
"03 de dezembro de 2003.","Evolução nutricional de crianças atendidas em creches públicas","Evolução nutricional de crianças atendidas em Creches Públicas do Município de São Paulo (1999-2000)","Canal Ciencia - IBICT","http://www.canalciencia.ibict.br/pesquisa/0180-Evolucao-nutricional-criancas-atendidas-creches.html",""
"26 de novembro de 2003.","Experimentos com cobaias avaliam a segurança alimentar dos alimentos transgênicos","Avaliação de segurança alimentar de plantas geneticamente modificadas","Canal Ciencia - IBICT","http://www.canalciencia.ibict.br/pesquisa/0172-Seguranca-alimentar-alimentos-transgenicos.html",""
"11 de dezembro de 2014.","Extinção de aves na Mata Atlântica do nordeste","Status of the globally threatened forest birds of northeast Brazil","Canal Ciencia - IBICT","http://www.canalciencia.ibict.br/pesquisa/0271-Extincao-aves-na-Mata-Atlantica-nordeste.html",""
"sem data","Feiras de ciência despertam vocações","","Canal Ciencia - IBICT","http://www.canalciencia.ibict.br/pesquisa/0283_Feiras_de_ciencia_despertam_vocacoes.html",""
"23 de maio de 2014.","Fibropapilomatose: ameaça às tartarugas-verdes","Ecologia e Etiologia da fibropapilomatose em populações de Chelonia mydas (Testudines, Cheloniidae): estrutura das populações e papel de bifenilos policlorados e metais potencialmente tóxicos no desenvolvimento da doença.","Canal Ciencia - IBICT","http://www.canalciencia.ibict.br/pesquisa/0264-Fibropapilomatose-ameaca-as-tartarugas-verdes",""
"8 de agosto de 2012.","Florestas Inteligentes: o homem e a floresta em pé","Florestas Inteligentes: o homem e a floresta em pé","Canal Ciencia - IBICT","http://www.canalciencia.ibict.br/pesquisa/250-Floresta-Inteligente.html",""
"8 de agosto de 2012.","Florestas Inteligentes: o homem e a floresta em pé","Florestas Inteligentes: o homem e a floresta em pé","Canal Ciencia - IBICT","http://www.canalciencia.ibict.br/pesquisa/0250-Floresta-Inteligente.html",""
"30 de março de 2004.","Florestas secundárias oferecem opções de manejo sustentável e aproveitamento econômico","Diagnóstico, Manejo e Uso de Floresta Secundária no Nordeste Paraense","Canal Ciencia - IBICT","http://www.canalciencia.ibict.br/pesquisa/0208-Florestas-secundarias-oferecem-opcoes-manejo-sustentavel.html",""
"11 de dezembro de 2002.","Gemini e Soar: os novos projetos da astronomia brasileira","Gemini e Soar: os novos projetos da astronomia brasileira ","Canal Ciencia - IBICT","http://www.canalciencia.ibict.br/pesquisa/0080-Gemini-e-Soar-projetos-da-astronomia.html",""
"26 de outubro de 2003.","Genes dos gaúchos para deduzir a história genética da América e a evolução de sua ocupação nativa","Os gaúchos e os primeiros colonizadores do continente – genômica populacional.","Canal Ciencia - IBICT","http://www.canalciencia.ibict.br/pesquisa/0162-Genes-dos-gauchos-e-a-historia-genetica-das-americas.html",""
"4 de novembro de 2015.","Genética alerta para a extinção de grandes predadores","Rede Sisbiota - Predadores de topo de cadeia alimentar","Canal Ciencia - IBICT","http://www.canalciencia.ibict.br/pesquisa/0289_Genetica_alerta_para_a_extincao_de_grandes_predadores.html",""
"09 de dezembro de 2002.","Genética melhora hortaliças de pequenos produtores amazônicos","Melhoramento genético de espécies agrícolas para o trópico úmido","Canal Ciencia - IBICT","http://www.canalciencia.ibict.br/pesquisa/0057-Genetica-melhora-hortalicas-pequenos-produtores-amazonicos.html",""
"09 de dezembro de 2011.","Geografia afro-brasileira itinerante para divulgação da formação territorial do Brasil e sua população","Projeto Geografia Afro-Brasileira: Educação e Planejamento do Território","Canal Ciencia - IBICT","http://www.canalciencia.ibict.br/pesquisa/0245-Geografia-cartografia-afro-brasileira.html",""
"11 de dezembro de 2002.","Gestão da informação em ciência e tecnologia","A organização do conhecimento e a representação da informação como suporte para a sistematização de dados em Ciência e Tecnologia para fins de gestão e avaliação.  ","Canal Ciencia - IBICT","http://www.canalciencia.ibict.br/pesquisa/0070-Gestao-da-informacao-em-ciencia-e-tecnologia.html",""
"23 de julho de 2003.","Gestão de lixo urbano com o desenvolvimento de um projeto de educação ambiental","História, meio ambiente e arte-reciclagem no Plano Integrado de Gerenciamento Urbano de Porto Nacional/TO","Canal Ciencia - IBICT","http://www.canalciencia.ibict.br/pesquisa/0129-Gestao-lixo-urbano-e-educacao-ambiental.html",""
"18 de dezembro de 2003.","Geógrafos estudam como a expansão do plantio de soja altera a organização do território do cerrado","Fronteiras em mutação no mundo da soja: logística e biotecnologia","Canal Ciencia - IBICT","http://www.canalciencia.ibict.br/pesquisa/0186-Plantio-soja-altera-organizacao-territorio-do-cerrado.html",""
"30 de março de 2004.","Grupo de pesquisa estuda procedimentos de Direito Eletrônico como formas de ampliação do acesso à Justiça","Direito Eletrônico e Cidadania","Canal Ciencia - IBICT","http://www.canalciencia.ibict.br/pesquisa/0211-Direito-Eletronico-formas-ampliacao-acesso-a-Justica.html",""
"19 de dezembro de 2016.","História ambiental da Mata Atlântica nordestina","Devastação e proteção na Mata Atlântica nordestina: formação da paisagem e políticas ambientais","Canal Ciencia - IBICT","http://www.canalciencia.ibict.br/pesquisa/0313_Historia_ambiental_Mata_Atlantica_nordestina",""
"23 de julho de 2003.","História dos estudos de pós-graduação em matemática no Brasil desde a segunda metade do século XX","Mestrados e Doutorados em Matemática obtidos no Brasil entre 1942 e 2004","Canal Ciencia - IBICT","http://www.canalciencia.ibict.br/pesquisa/0133-Historia-pos-graduacao-matematica-no-Brasil-seculo-XX",""
"23 de julho de 2003.","Hora Legal Brasileira: serviço científico de amplo uso fornecido pelo Observatório Nacional","Disseminação da Hora Legal Brasileira","Canal Ciencia - IBICT","http://www.canalciencia.ibict.br/pesquisa/0132-Hora-legal-brasileira-Observatorio-Nacional.html",""
"24 de agosto de 2015.","HTLV, um vírus pouco conhecido presente na região Amazônica","Avaliação da infecção pelo vírus linfotrópico de células t tipo 1 e tipo 2 (htlv-1/2) em pacientes com doenças hematológicas atendidos na Fundação Hospitalar de Hematologia e Hemoterapia do Amazonas (Hemoam).","Canal Ciencia - IBICT","http://www.canalciencia.ibict.br/pesquisa/0286_HTLV_um_virus_pouco_conhecido_presente_na_regiao_Amazonica.html",""
"29 de janeiro de 2003.","Hábitos de sono afetam o desempenho de estudantes","Hábitos de sono e desempenho em estudantes de medicina","Canal Ciencia - IBICT","http://www.canalciencia.ibict.br/pesquisa/0102-Habitos-de-sono-afetam-desempenho-estudantes.html",""
"28 de abril de 2016.","Identidade genética na conservação da tartaruga-de-pente","Filogeografia, diversidade genética e unidades de manejo das tartarugas-de-pente no Indo-Pacífico (Phylogeography, Genetic Diversity, and Management Units of Hawksbill Turtles in the Indo-Pacific)","Canal Ciencia - IBICT","http://www.canalciencia.ibict.br/pesquisa/0301-Identidade-genetica-ajuda-conservacao-da-tartaruga-de-pente",""
"14 de dezembro de 2015.","Impacto do aquecimento global sobre a floresta Amazônica","AmazonFACE: Avaliação dos impactos do aumento de CO2 atmosféricos sobre a ecologia e resiliência da floresta Amazônica","Canal Ciencia - IBICT","http://www.canalciencia.ibict.br/pesquisa/0296_Impacto_do_aquecimento_global_sobre_a_floresta_amazonica.html",""
"15 de setembro de 2016.","Impactos da indústria de cerâmica vermelha em Russas (CE)","Arranjos Produtivos Locais em Russas (CE): o caso da cerâmica Vermelha","Canal Ciencia - IBICT","http://www.canalciencia.ibict.br/pesquisa/0309_Impactos_da_industria_de_ceramica_vermelha_em_Russas-Ceara",""
"10 de dezembro de 2002.","Impactos da Internet em atividades de pesquisa no Brasil","Impactos das redes eletrônicas na comunicação científica e novos territórios cognitivos para práticas coletivas, interativas e interdisciplinares","Canal Ciencia - IBICT","http://www.canalciencia.ibict.br/pesquisa/0064-Impactos-da-Internet-em-pesquisa-no-Brasil.html",""
"16 de dezembro de 2002.","Impactos do desmatamento na Amazônia","Capacidade de suporte humano, impactos ambientais de desmatamento e sustentabilidade do desenvolvimento.","Canal Ciencia - IBICT","http://www.canalciencia.ibict.br/pesquisa/0093-Impactos-do-desmatamento-na-Amazonia.html",""
"13 de dezembro de 2002.","Importância da dispersão de sementes por animais na Amazônia","A ecologia das florestas do Baixo Japurá, Amazonas, Brasil.","Canal Ciencia - IBICT","http://www.canalciencia.ibict.br/pesquisa/0090-Dispersao-sementes-animais-Amazonia.html",""
"25 de junho de 2015.","Impressão 3D de órgãos humanos: uma realidade cada vez mais próxima","Tecnologias 3D habilitadoras para a Bioimpressão de Órgãos Humanos","Canal Ciencia - IBICT","http://www.canalciencia.ibict.br/pesquisa/0281_Impressao_3D_de_orgaos_humanos.html",""
"07 de abril de 2003.","Ingestão de átomos radioativos e metais pesados presentes em vegetais","Radionuclídeos naturais e metais pesados em vegetais da dieta da população da cidade do Rio de Janeiro","Canal Ciencia - IBICT","http://www.canalciencia.ibict.br/pesquisa/0107-Medicao-ingestao-atomos-radioativos-e-metais-pesados-em-alimentos.html",""
"28 de setembro de 2005.","Instituto de Física Teórica desenvolve pesquisa de ponta sobre interações fundamentais na escala dos TeVs","Interações Fundamentais na Escala dos TeVs","Canal Ciencia - IBICT","http://www.canalciencia.ibict.br/pesquisa/0217-Interacoes-fundamentais-escala-TeVs.html",""
"11 de dezembro de 2002.","Instituto Nacional de Pesquisas Espaciais no convênio sino-brasileiro de construção de satélites de sensoriamento remoto","","Canal Ciencia - IBICT","http://www.canalciencia.ibict.br/pesquisa/0079-INPE-convenio-sino-brasileiro-satelites-sensoriamento-remoto.html",""
"6 de fevereiro de 2017.","Interação do vírus Zika com células do mosquito transmissor","A lipidomics approach in the characterization of zika-infected mosquito cells: potential targets for breaking the transmission cycle","Canal Ciencia - IBICT","http://www.canalciencia.ibict.br/pesquisa/0315_A_interacao_do_virus_zika_com_as_celulas_do_mosquito",""
"22 de setembro de 2003.","Inventário da flora e da fauna da caatinga nordestina por meio do sensoriamento remoto","Análise das variações da biodiversidade do bioma Caatinga com o apoio de sensoriamento remoto e Sistema de Informações Geográficas para suporte de estratégias regionais de conservação","Canal Ciencia - IBICT","http://www.canalciencia.ibict.br/pesquisa/0152-Inventario-de-flora-e-fauna-na-caatinga-nordestina.html",""
"26 de junho de 2003.","Inventário das espécies vivas na Serra do Cachimbo e identificação de áreas de alta biodiversidade","Paisagens e biodiversidade: uma Perspectiva Integrada para Inventário e Conservação da Serra do Cachimbo.","Canal Ciencia - IBICT","http://www.canalciencia.ibict.br/pesquisa/0123-Inventario-das-especies-vivas-Serra-do-Cachimbo.html",""
"16 de dezembro de 2002.","Laboratório brasileiro de Luz Sincrotron","Laboratório brasileiro de Luz Sincrotron","Canal Ciencia - IBICT","http://www.canalciencia.ibict.br/pesquisa/0092-Importancia-da-Luz-Sincrotron.html",""
"23 de julho de 2003","Lama tóxica residual da fabricação de ácido sulfúrico pode ser aproveitada na construção civil, diz pesquisa","Recuperação de metais pesados do efluente ácido proveniente da lavagem de gases do processo produtivo de ácido sulfúrico da Caraíba Metais.","Canal Ciencia - IBICT","http://www.canalciencia.ibict.br/pesquisa/0131-Lama-toxica-residual-acido-sulfurico-construcao-civil.html",""
"07 de abril de 2003.","Legislação contra a destruição da camada de ozônio e ações para políticas de proteção ambiental","Substâncias destruidoras da camada de ozônio e sua legislação","Canal Ciencia - IBICT","http://www.canalciencia.ibict.br/pesquisa/0108-Destruicao-camada-ozonio-acoes-politicas-protecao-ambiental.html",""
"19 de fevereiro de 2004.","Levantamento ecológico da Floresta Nacional de Caxiuanã, na Amazônia","Pesquisa de longa duração em Inventário biológico e estudos de conservação na Floresta Nacional de Caxiuanã","Canal Ciencia - IBICT","http://www.canalciencia.ibict.br/pesquisa/0200-Levantamento-ecologico-da-Floresta-Nacional-Caxiuana.html",""
"14 de janeiro de 2004.","Levantamento ecológico e conservação das savanas do arquipélago de Marajó, Pará","Avaliação ecológica e seleção de áreas prioritárias à conservação de savanas amazônicas no arquipélago de Marajó, Estado do Pará","Canal Ciencia - IBICT","http://www.canalciencia.ibict.br/pesquisa/0189-Levantamento-ecologico-savanas-arquipelago-Marajo.html_",""
"22 de maio de 2003.","Liberação de gases do efeito estufa e destruição de ecossistemas causada pelo mega-incêndio de Roraima em 1997/98","Incêndios na Amazônia Brasileira: estimativa da emissão de gases do efeito estufa pela queima de diferentes ecossistemas re Roraima na passagem do evento “El Niño” (1997/98) Instituição: Instituto Nacional de Pesquisas da Amazônia, INPA ","Canal Ciencia - IBICT","http://www.canalciencia.ibict.br/pesquisa/0115-Gases-do-efeito-estufa-e-destruicao-de-ecossistemas-em-roraima.html",""
"4 de maio de 2012.","Licenciamento ambiental de hidrelétricas","Licenciamento ambiental de hidrelétricas","Canal Ciencia - IBICT","http://www.canalciencia.ibict.br/pesquisa/0248-Licenciamento-ambiental-hidreletricas.html",""
"17 de agosto de 2007.","Líquens como indicadores de poluição atmosférica na cidade de Vertente do Lério (PE)","Utilização de Líquen - Cladonia verticillaris (Raddi) Fr., para determinar a Salubridade do Ar em Vertente do Lério","Canal Ciencia - IBICT","http://www.canalciencia.ibict.br/pesquisa/0226-Uso-de-liquens-na-analise-da-poluicao-atmosferica.html",""
"26 de setembro de 2014","Madeiras da floresta Amazônica utilizadas na fabricação de instrumentos musicais","Avaliação e classificação de madeiras da região Amazônica para utilização em instrumentos musicais","Canal Ciencia - IBICT","http://www.canalciencia.ibict.br/pesquisa/0270-Madeiras-floresta-Amazonica-utilizadas-na-fabricacao-instrumentos-musicais.html",""
"10 de dezembro de 2002.","Manejo de peixes ornamentais e quelônios no Rio Negro","Projeto Mariuá – bases ecológicas, tecnológicas e sócio-econômicas para o manejo sustentável de peixes ornamentais e quelônios na bacia do Rio Negro(AM)","Canal Ciencia - IBICT","http://www.canalciencia.ibict.br/pesquisa/0065-Manejo-de-peixes-ornamentais-e-quelonios-no-Rio-Negro.html",""
"14 de setembro de 2011.","Manejo e conservação do tracajá no Parque Indígena do Xingu","Educação Ambiental e manejo sustentável de tracajá Podocnemis unifilis: Segurança alimentar e fortalecimento cultural dos povos do Parque Indígena do Xingu.","Canal Ciencia - IBICT","http://www.canalciencia.ibict.br/pesquisa/0242-Manejo-conservacao-do-tracaja-no-Parque-Indigena-Xingu.html",""
"01 de dezembro de 2002.","Manejo, reprodução e criação de peixes amazônicos","Estudos sobre manejo, reprodução e criação de pirarucu, matrinxã e tambaqui em cativeiro. ","Canal Ciencia - IBICT","http://www.canalciencia.ibict.br/pesquisa/0008-Manejo-reproducao-criacao-de-peixes-amazonicos.html",""
"10 de junho de 2014.","Medicamentos feitos a partir da castanha de caju auxiliam no tratamento de Alzheimer","Modelagem molecular de potenciais candidatos a inibidores da acetilcolinesterase.","Canal Ciencia - IBICT","http://www.canalciencia.ibict.br/pesquisa/0265-Medicamentos-feitos-do-caju-auxiliam-no-tratamento-de-Alzheimer.html",""
"09 de setembro de 2003.","Melhoramento genético da pupunha, palmito amazônico de grande potencial econômico","Melhoramento genético da pupunheira: conhecimentos atuais e necessidades","Canal Ciencia - IBICT","http://www.canalciencia.ibict.br/pesquisa/0150-Melhoramento-genetico-da-pupunha.html",""
"02 de dezembro de 2002.","Modelo comunitário de exploração sustentável de madeira pode salvar florestas na Amazônia","O desafio de conservar as florestas inundáveis amazônicas no Brasil","Canal Ciencia - IBICT","http://www.canalciencia.ibict.br/pesquisa/0010-Modelo-comunitario-exploracao-sustentavel-de-madeira-amazonia.html",""
"31 de março de 2016.","Mortalidade de corais revela a saúde dos oceanos","Branqueamento de corais nos recifes do Pecém (NE, Brasil) e sua relação com as mudanças ambientais.","Canal Ciencia - IBICT","http://www.canalciencia.ibict.br/pesquisa/0290_Mortalidade_de_corais_revela_saude_dos_oceanos",""
"11 de dezembro de 2002.","Moscas indicam que sistemas agrícolas ameaçam biodiversidade","Moscas como bioindicador para perda de biodiversidade em sistemas agrícolas","Canal Ciencia - IBICT","http://www.canalciencia.ibict.br/pesquisa/0074-Moscas-indicadoras-de-perda-de-biodiversidade.html",""
"07 de dezembro de 2002.","Máscaras Ticuna sacralizam a interação nativa com a floresta","As máscaras Ticuna em uma perspectiva histórico-comparativa","Canal Ciencia - IBICT","http://www.canalciencia.ibict.br/pesquisa/0051-Mascaras-e-Ticuna-e-a-interacao-com-a-floresta.html",""
"08 de julho de 2013","Músculos artificiais de nanotubos de carbono","Electrically, chemically, and photonically Powered Torsional and Tensile Actuation of Hybrid Carbon Nanotube Yarn Muscles (Atuação rotacional e linear de músculos de fibra híbrida de nanotubos de carbono acionada eletricamente, quimicamente e fotonicamente)","Canal Ciencia - IBICT","http://www.canalciencia.ibict.br/pesquisa/0251-Musculos-artificiais-de-nanotubos-de-carbono.html",""
"15 de junho de 2016.","Nanossensores medem a poluição do ar com mais eficiência","Desenvolvimento de nanossensores para detecção de gases poluentes emitidos no Distrito Federal","Canal Ciencia - IBICT","http://www.canalciencia.ibict.br/pesquisa/0306_nanossensores_medem_a_poluicao_do_ar_com_maior_eficiencia.html",""
"21 de junho de 2016.","Nanotecnologia em próteses dentárias de titânio","Internalização de nanopartículas de dióxido de titânio (anatase) por células ósseas humanas: efeito Cavalo de Tróia","Canal Ciencia - IBICT","http://www.canalciencia.ibict.br/pesquisa/0307_Nanotecnologia_em_proteses_dentarias_de_titanio.html",""
"04 de março de 2004.","Normas tributárias para preservar as florestas de Araucária do Paraná","Instrumentos Jurídicos para a gestão das Florestas de Araucárias no Estado do Paraná","Canal Ciencia - IBICT","http://www.canalciencia.ibict.br/pesquisa/0204-Normas-tributarias-para-preservacao-das-florestas-de-Araucaria-do-Parana.html",""
"01 de dezembro de 2002.","Nova teoria da pré-história amazônica valoriza culturas ancestrais","A Gênese das Sociedades Amazônicas e a Preservação do Patrimônio Arqueológico  ","Canal Ciencia - IBICT","http://www.canalciencia.ibict.br/pesquisa/0006-Teoria-da-pre-historia-valoriza-culturas-ancestrais-na-amazonia.html",""
"23 de março de 2016.","Nova terapia para esclerose lateral amiotrófica (ELA)","Avaliação dos mecanismos de atraso da progressão da Esclerose Lateral Amiotrófica (ELA) pela ingestão de trealose e/ou vitamina E em Caenorhabditis Elegans","Canal Ciencia - IBICT","http://www.canalciencia.ibict.br/pesquisa/0297_Nova_terapia_para_esclerose_lateral_amiotrofica.html",""
"10 de março de 2015.","Nova vacina capaz de controlar o avanço da doença de Chagas","Vacina terapêutica para Trypanosoma cruzi, construída em vetor adenovírus humano do tipo 5, reprograma a resposta imune e reverte e cardiomiopatia chagásica crônica.","Canal Ciencia - IBICT","http://www.canalciencia.ibict.br/pesquisa/0276_Vacina_pode_controlar_avancos_da_Doenca_de_Chagas.html",""
"15 de setembro de 2016.","Novo modelo de cadeira de rodas para uso residencial","Desenvolvimento de cadeira de rodas residencial","Canal Ciencia - IBICT","http://www.canalciencia.ibict.br/pesquisa/0308_Novo_modelo_cadeira_de_rodas_para_uso_residencial",""
"11 de dezembro de 2002.","Novos remédios a partir de plantas e de microrganismos da Amazônia","Recursos naturais amazônicos como fonte de princípios bioativos aplicáveis na terapêutica das principais endemias infecciosas da Amazônia.","Canal Ciencia - IBICT","http://www.canalciencia.ibict.br/pesquisa/0076-Remedios-derivados-de-plantas-microrganismos-da-Amazonia.html",""
"25 de setembro de 2013.","O brasileiro e o direito do consumidor","O brasileiro e o direito do consumidor","Canal Ciencia - IBICT","http://www.canalciencia.ibict.br/pesquisa/0253-Brasileiro-e-o-direito-do-consumidor.html",""
"28 de maio de 2003.","O Projeto LBA - Experimento de Larga Escala na Biosfera-Atmosfera na Amazônia","LBA, Experimento de Larga Escala da Biosfera-Atmosfera na Amazônia (ou, em inglês, Large-scale Biosphere-Atmosphere Experiment in Amazonia)","Canal Ciencia - IBICT","http://www.canalciencia.ibict.br/pesquisa/0117-Projeto-LBA.html",""
"6 de maio de 2014","O que acontece no cérebro quando divagamos?","Dissociação funcional dos componentes ventral-frontal e dorso-medial da rede de modo padrão durante repouso e recordação de memórias autobiográficas emocionais.","Canal Ciencia - IBICT","http://www.canalciencia.ibict.br/pesquisa/0263-Atividade-cerebral-durante-divagacao-mental.html",""
"sem data","O trabalho de crianças e jovens na extração do coco babaçu","Espaço de Atuação da OIT: o trabalho de crianças e jovens na cadeia produtiva do coco babaçu","Canal Ciencia - IBICT","http://www.canalciencia.ibict.br/pesquisa/0258-O-trabalho-de-crianca-e-jovens-na-extracao-do-coco-babacu.html",""
"17 de outubro de 2016.","Os benefícios do suco de uva para a vida do idoso","Influência do consumo crônico de suco de uva sobre o equilíbrio, parâmetros bioquímicos, de estresse oxidativo e de danos ao DNA em idosos hígidos","Canal Ciencia - IBICT","http://www.canalciencia.ibict.br/pesquisa/0312_Os_beneficios_suco_uva_para_vida_do_idoso",""
"09 de junho de 2016.","Os calangos-de-colar da América do Sul","Systematic revision of the lizards of the subfamily Tropidurinae (Tropiduridae), with special reference to Tropidurus Wied, 1825","Canal Ciencia - IBICT","http://www.canalciencia.ibict.br/pesquisa/0305_Os_calangos-de-colar_da_America_do_Sul.html",""
"10 de outubro de 2003.","Pesquisa brasileira busca novo processo para a síntese do éter metílico, combustível alternativo aos derivados de petróleo","Rotas não tradicionais de geração de insumos petroquímicos e combustíveis a partir do gás natural – GTL 2. Geração de dimetiléter por síntese direta em escala de bancada e geração de dados para um projeto de planta piloto","Canal Ciencia - IBICT","http://www.canalciencia.ibict.br/pesquisa/0160-Novo-processo-de-sintese-do-combustivel-eter-metilico.html",""
"26 de outubro de 2003.","Pesquisa brasileira cria tecnologia própria para equipamento estratégico: o sensor magnético de alta resolução","Desenvolvimento de Instrumentação Geomagnética","Canal Ciencia - IBICT","http://www.canalciencia.ibict.br/pesquisa/0163-Equipamento-estrategico-sensor-magnetico-alta-resolucao.html",""
"28 de maio de 2003.","Pesquisa busca provas da sobrevivência indígena no interior do Rio Grande do Norte","Vivências Índias, Mundos Mestiços: relações interétnicas na Freguesia da Gloriosa Senhora Santa Ana do Seridó entre o final do século XVIII e início do século XIX","Canal Ciencia - IBICT","http://www.canalciencia.ibict.br/pesquisa/0116-Sobrevivencia-indigena-no-interior-do-Rio-Grande-do-Norte.html",""
"14 de agosto de 2003.","Pesquisa compara métodos de medição de doses irradiadas em exames de tomografia computadorizada para facilitar rotinas de prevenção","Estudo comparativo das doses efetivas em exames de tomografia computadorizada de cabeça e abdome","Canal Ciencia - IBICT","http://www.canalciencia.ibict.br/pesquisa/0142-Medicao-de-rdiacao-em-exames-de-tomografia.html",""
"03 de dezembro de 2003.","Pesquisa compara o efeito da exploração madeireira convencional com métodos de redução do impacto na regeneração de árvores","Efeito da exploração madeireira convencional e de impacto reduzido sobre a regeneração de três espécies arbóreas na Amazônia brasileira","Canal Ciencia - IBICT","http://www.canalciencia.ibict.br/pesquisa/0176-Efeito-da-exploracao-madeireira-convencional.html",""
"25 de julho de 2003.","Pesquisa de métodos não invasivos para mapear regiões do cérebro pode ser usada em cirurgias de pacientes com epilepsia","Mapeamento Pré-Cirúrgico em Pacientes Indicados à Cirurgia de Epilepsia","Canal Ciencia - IBICT","http://www.canalciencia.ibict.br/pesquisa/0134-Mapeamento-do-cerebro-em-pacientes-com-epilepsia.html",""
"19 de fevereiro de 2004.","Pesquisa demonstra como anúncios de televisão difundem maus hábitos alimentares","Quantidade e qualidade de produtos alimentícios anunciados na televisão brasileira","Canal Ciencia - IBICT","http://www.canalciencia.ibict.br/pesquisa/0199-Anuncios-televisao-maus-habitos-alimentares1.html",""
"26 de outubro de 2003.","Pesquisa desenvolve método mais rápido para testar o ponto focal de tubos de Raios X com precisão","Metodologia de Determinação das Dimensões de Ponto Focal de Tubos de Raios X Médicos - Exemplo de uma Aplicação Prática","Canal Ciencia - IBICT","http://www.canalciencia.ibict.br/pesquisa/0164-Dimensao-do-ponto-focal-dos-tubos-de-Raios-X.html",""
"22 de agosto de 2003.","Pesquisa estuda a redução de dose efetiva de radiação em pacientes e o aumento da vida útil do tubo de Raios X nos equipamento de Tomografia Computadorizada","Redução de Dose e Aumento na Vida Útil do Tubo de Raios X em Tomografia Computadorizada","Canal Ciencia - IBICT","http://www.canalciencia.ibict.br/pesquisa/0145-Reducao-dose-radiacao-e-aumento-vida-util-tubo-Raios-X-de-tomografos.html",""
"12 de junho de 2003.","Pesquisa estuda características de recuperação de solo em áreas amazônicas afetadas por exploração de minérios","Vegetação e características do solo como indicadores de reabilitação de áreas mineradas na Amazônia Oriental","Canal Ciencia - IBICT","http://www.canalciencia.ibict.br/pesquisa/0119-Recuperacao-do-solo-em-areas-de-mineracao-na-amazonia.html",""
"03 de dezembro de 2003.","Pesquisa estuda como as migrações internas afetaram localidades urbanas brasileiras no período de 1980 a 2000","Migração e urbanização descentralizada no Brasil contemporâneo","Canal Ciencia - IBICT","http://www.canalciencia.ibict.br/pesquisa/0178-Pactos-das-migracoes-internas.html",""
"14 de agosto de 2003.","Pesquisa estuda mudanças em comunidades de animais marinhos incrustantes próximas às usinas nucleares de Angra I e II","Efeito do efluente da Usina Nuclear de Angra dos Reis: utilização de comunidades incrustantes como bioindicadores","Canal Ciencia - IBICT","http://www.canalciencia.ibict.br/pesquisa/0141-Comunidades-marinhos-incrustantes-em-usinas-nucleares.html",""
"25 de julho de 2003.","Pesquisa estuda uso de Imagens por Ressonância Magnética para determinar o excesso de ferro nos tecidos","Avaliação do nível de ferro hepático através da relaxometria em imagens por ressonância magnética","Canal Ciencia - IBICT","http://www.canalciencia.ibict.br/pesquisa/0137-Indeterminacao-de-ferro-nos-tecidos-ressonancia-magnetica.html",""
"09 de dezembro de 2002.","Pesquisa revela: cultivo do dendê em pequena escala preserva ecossistema florestal","Caracterização dos ecossistemas florestais e de áreas manejadas com cultivo de dendê","Canal Ciencia - IBICT","http://www.canalciencia.ibict.br/pesquisa/0060-Cultivo-dende-ecossistema-florestal-amazonia.html",""
"04 de março de 2004.","Pesquisa sobre comportamento, área de distribuição e genética do Rato-da-Taquara ajuda a preservar a espécie","Ecologia, distribuição e variação genética do Rato-da-Taquara (Kannabateomys amblyonyx) no Rio Grande do Sul","Canal Ciencia - IBICT","http://www.canalciencia.ibict.br/pesquisa/0203-Comportamento-area-distribuicao-e-genetica-do-rato-da-taquara.html",""
"10 de outubro de 2003.","Pesquisa testa equipamentos de radiografia industrial em uso no Brasil e revela situação de risco para operadores","Avaliação das Condições de Segurança Radiológica de Irradiadores Portáteis Panorâmicos de Gamagrafia Industrial Utilizados no Brasil","Canal Ciencia - IBICT","http://www.canalciencia.ibict.br/pesquisa/0161-Radiografia-industrial-e-risco-para-operadores.html",""
"12 de fevereiro de 2004.","Pesquisa testa métodos alternativos de aplicação de drogas oftálmicas em áreas profundas do globo ocular","Desenvolvimento e caracterização de microemulsões e de implantes biodegradáveis para aplicação oftálmica","Canal Ciencia - IBICT","http://www.canalciencia.ibict.br/pesquisa/0198-Metodos-alternativos-de-aplicacao-de-drogas-oftalmicas.html",""
"04 de dezembro de 2003.","Pesquisa testa sistema de diagnóstico automático que detecta diferenças entre mamografias para prevenir tumores","Medição de assimetria em imagens mamográficas","Canal Ciencia - IBICT","http://www.canalciencia.ibict.br/pesquisa/0185-Diagnostico-automatico-do-cancer-de-mama.html",""
"17 de novembro de 2003.","Pesquisadores avaliam potencial tóxico e de dano genético do chorume produzido em aterros sanitários","Determinação do potencial tóxico e genotóxico de líquido percolado gerado em aterramento de resíduos sólidos urbanos","Canal Ciencia - IBICT","http://www.canalciencia.ibict.br/pesquisa/0170-Potencial-toxico-do-chorume-em-aterros-sanitarios.html",""
"03 de julho de 2003.","Pesquisadores buscam fontes alternativas de matéria-prima (potássio) para produção de fertilizantes","Fontes Alternativas de Potássio para Fertilizantes","Canal Ciencia - IBICT","http://www.canalciencia.ibict.br/pesquisa/0126-Fontes-alternativas-de-potassio-para-producao-de-fertilizantes.html",""
"30 de setembro de 2003.","Pesquisadores criam modelo computacional para compreender o crescimento de tumores","Modelagem Computacional sobre Crescimento Tumoral","Canal Ciencia - IBICT","http://www.canalciencia.ibict.br/pesquisa/0158-Modelo-computacional-sobre-crescimento-de-tumores.html",""
"11 de julho de 2003.","Pesquisadores desenvolvem novas aplicações tecnológicas para minerais usados como fertilizantes e corretores de solos","Inovação tecnológica no uso de minerais industriais na agricultura","Canal Ciencia - IBICT","http://www.canalciencia.ibict.br/pesquisa/0127-Aplicacoes-tecnologicas-minerais-fertilizantes-corretores-solos.html",""
"sem data","Pesquisadores desenvolvem processo de produção de areia artificial que beneficia construção civil e preserva a natureza","","Canal Ciencia - IBICT","http://www.canalciencia.ibict.br/pesquisa/0210-Areia-artificial-preserva-natureza.html",""
"22 de setembro de 2003.","Pesquisadores desenvolvem tecnologia mais segura e econômica para testar os calibradores das doses de radiação administradas na medicina nuclear","Desenvolvimento de Sistema para Teste de Linearidade de Calibradores de Dose","Canal Ciencia - IBICT","http://www.canalciencia.ibict.br/pesquisa/0155-Desenvolvimento-de-calibradores-de-radiacao-na-medicina-nuclear.html",""
"09 de setembro de 2003.","Pesquisadores discutem métodos para estudo do crescimento e determinação da idade em árvores da floresta tropical","Relações entre crescimento diamétrico e idade em populações de espécies arbóreas tropicais","Canal Ciencia - IBICT","http://www.canalciencia.ibict.br/pesquisa/0151-Crescimento-e-idade-de-arvores-da-floresta-tropical.html",""
"22 de setembro de 2003.","Pesquisadores estudam a adaptação de um tubo de Raios X com alvo de tungstênio para realização de pesquisas em mamografia","Adaptação de um sistema de Raios X com ânodo de tungstênio e potencial constante para a faixa de mamografia","Canal Ciencia - IBICT","http://www.canalciencia.ibict.br/pesquisa/0154-RaiosX-tungstenio-mamografia.html",""
"31 de janeiro de 2004.","Pesquisadores estudam código genético de fungo patogênico para compreender sua capacidade de infecção e propor terapias","Epidemiologia de Cryptococcus neoformans: aspectos moleculares","Canal Ciencia - IBICT","http://www.canalciencia.ibict.br/pesquisa/0193-Codigo-genetico-de-fungo-patogenico.html",""
"22 de janeiro de 2004.","Pesquisadores estudam uso de materiais alternativos para baratear custo de casas populares no Brasil","","Canal Ciencia - IBICT","http://www.canalciencia.ibict.br/pesquisa/0190-Casas-populares-para-populacao-de-baixa-renda.html",""
"26 de novembro de 2003.","Pesquisadores instalam recifes artificiais no litoral fluminense para avaliar seu uso como forma de melhoria da pesca","Papel funcional de um recife artificial no litoral norte do estado do Rio de Janeiro","Canal Ciencia - IBICT","http://www.canalciencia.ibict.br/pesquisa/0173-Recifes-artificiais-litoral-fluminense-e-melhorias-na-pesca.html",""
"22 de janeiro de 2003.","Pesquisas ajudam a avaliar dose correta de radiação em exames de mamografia com aparelhos de raios-X","Implementação e análise de incertezas de um sistema de calibração para mamografia","Canal Ciencia - IBICT","http://www.canalciencia.ibict.br/pesquisa/0099-Dose-radiacao-exames-de-mamografia.html",""
"11 de dezembro de 2002.","Pesquisas ajudam a combater doenças dos índios Yanomami e Ye’Kuana","Oncocercose, uma endemia possível de ser eliminada","Canal Ciencia - IBICT","http://www.canalciencia.ibict.br/pesquisa/0075-Doencas-indios-Yanomami-YeKuana.html",""
"17 de abril de 2003.","Plantas com potencial biológico e cosmético na Amazônia","Plantas amazônicas com potencial biológico e cosmético","Canal Ciencia - IBICT","http://www.canalciencia.ibict.br/pesquisa/0112-Plantas-da-amazonia-com-potencial-biologico-e-cosmetico.html",""
"30 de outubro 2013","Plásticos condutores","Dinâmica de Quase-Partículas em Polímeros Condutores","Canal Ciencia - IBICT","http://www.canalciencia.ibict.br/pesquisa/0256-Plasticos-Condutores.html",""
"24 de dezembro de 2014.","Por que existe tanta diversidade de aves nas florestas tropicais?","The drivers of tropical speciation","Canal Ciencia - IBICT","http://www.canalciencia.ibict.br/pesquisa/0272-Diversidade-de-aves-nas-florestas-tropicais.html",""
"sem data","Por que são feitas tantas cesarianas no Brasil?","Fatores associados à cesariana segundo fonte de financiamento na região Sudeste: estudo transversal a partir dos dados da pesquisa “Nascer no Brasil: Inquérito Nacional sobre Parto e Nascimento”.","Canal Ciencia - IBICT","http://www.canalciencia.ibict.br/pesquisa/0284_Fatores_que_influenciam_a_cesariana_na_regiao_Sudeste.html",""
"28 de agosto de 2003.","Programa de controle de qualidade para equipamentos de irradiação usados em tratamentos de tumores cerebrais","Proposta de Um Programa de Controle da Qualidade em Serviços que utilizem Aceleradores Lineares para Radiocirurgia Estereotáxica","Canal Ciencia - IBICT","http://www.canalciencia.ibict.br/pesquisa/0148-Controle-qualidade-de-equipamentos-tratamentos-tumores-cerebrais.html",""
"9 de julho de 2012.","Proteção de albatrozes e petréis contra a captura pela pesca de espinhel","Avaliação de medidas mitigadoras para reduzir a captura não intencional dos albatrozes e petréis","Canal Ciencia - IBICT","http://www.canalciencia.ibict.br/pesquisa/0249-Projeto-Albatroz.html",""
"1 de julho de 2015.","Pães sem glúten também podem ser gostosos","Aplicações de técnicas de planejamento experimental e análise de superfície de resposta para otimização das propriedades tecnológicas, nutricionais e sensoriais de formulações de pães sem glúten. ","Canal Ciencia - IBICT","http://www.canalciencia.ibict.br/pesquisa/0282_Paes_sem_gluten_deliciosamente_saudaveis.html",""
"15 de julho de 2014.","Quantidade de neurônios explica a superioridade da inteligência humana","O cérebro de elefante em números","Canal Ciencia - IBICT","http://www.canalciencia.ibict.br/pesquisa/0267-Quantidade-neuronios-explica-superioridade-inteligencia-humana.html",""
"27 de abril de 2015.","Queijo com casca de jabuticaba, inovação que faz bem à saúde","Avaliação microbiológica, físico-química e sensorial de ","Canal Ciencia - IBICT","http://www.canalciencia.ibict.br/pesquisa/0278_Queijo_com_casa_de_jabuticaba.html",""
"21 de novembro de 2007.","Reaproveitamento de garrafas PET pelo Instituto Nacional de Tecnologia","Desenvolvimento de produtos utilizando garrafas PET descartadas","Canal Ciencia - IBICT","http://www.canalciencia.ibict.br/pesquisa/0227-Reaproveitamento-garrafas-PET.html",""
"12 de outubro de 2013.","Redescobrindo o tatu-canastra no Pantanal","Projeto  Tatu-canastra","Canal Ciencia - IBICT","http://www.canalciencia.ibict.br/pesquisa/0254-Projeto-Tatu-Canastra.html",""
"26 de novembro de 2008.","Reservatórios de contenção de cheias assumem formas de criadouros de mosquitos e ameaçam a saúde pública em São Paulo","Estudo da fauna de mosquitos (Díptera: Culicidae) em Reservatórios de Contenção de Cheias em área metropolitana na cidade de São Paulo, SP.","Canal Ciencia - IBICT","http://www.canalciencia.ibict.br/pesquisa/0234-Reservatorios-contencao-cheias-mosquitos-saude-publica.html",""
"7 de maio de 2014","Satélite de olho na produção de cana-de-açucar","Studies on the rapid expansion of sugarcane for ethanol production in São Paulo state (Brazil) using Landsat data . (Estudos sobre a rápida expansão da cultura da cana-de-açúcar para a produção de etanol no estado de São Paulo (Brasil) com dados de satélites Landsat).","Canal Ciencia - IBICT","http://www.canalciencia.ibict.br/pesquisa/0260-Sensoriamento-remoto-da-producao-de-cana-de-acucar.html",""
"16 de março de 2004.","Segurança da concentração de nitrato em cultivos hidropônicos do alface é pesquisada em Rondônia","Acúmulo de nitrato em cultivares de alface (Lactuca sativa) em sistema hidropônico","Canal Ciencia - IBICT","http://www.canalciencia.ibict.br/pesquisa/0207-Concentracao-nitrato-cultivos-hidroponicos-do-alface-em-Rondonia.html",""
"10 de novembro de 2005.","Sistema criado no Paraná possibilita melhor gerenciamento de informações","Informatização do processo de atendimento a consultorias em transferência de tecnologia: caso de uma universidade empreendedora","Canal Ciencia - IBICT","http://www.canalciencia.ibict.br/pesquisa/0219-Sistema-de-informacao-para-transferencia-de-tecnologia.html",""
"22 de dezembro de 2011.","Sustentabilidade da exploração de impacto reduzido na Amazônia Oriental","Sustentabilidade da exploração de impacto reduzido na Amazônia Oriental","Canal Ciencia - IBICT","http://www.canalciencia.ibict.br/pesquisa/0246-Sustentabilidade-exploracao-madeira-impacto-reduzido-na-Amazonia.html",""
"31 de agosto de 2015.","Tecnologia inovadora permite avaliar a segurança de estruturas","Tecnologia permite avaliar a segurança de estruturas","Canal Ciencia - IBICT","http://www.canalciencia.ibict.br/pesquisa/0288_Avaliacao_da_seguranca_de_estruturas.html",""
"10 de dezembro de 2002.","Tecnologias apropriadas para a agroindústria na Amazônia","Tecnologias apropriadas para agroindústria na Amazônia","Canal Ciencia - IBICT","http://www.canalciencia.ibict.br/pesquisa/0066-Tecnologias-apropriadas-agroindustria-na-Amazonia.html",""
"03 de dezembro de 2003.","Tecnologias para aproveitar resíduos poluentes de granito e borracha na construção civil","Utilização de resíduos industriais para confecção de tijolos e telhas","Canal Ciencia - IBICT","http://www.canalciencia.ibict.br/pesquisa/0179-Tecnologias-para-aproveitar-residuos-poluentes.html",""
"07 de dezembro de 2002.","Telescópio Gemini observa matéria ejetada na explosão de uma Nova","O envoltório em torno da Nova Cassiopéia 1993","Canal Ciencia - IBICT","http://www.canalciencia.ibict.br/pesquisa/0052-Telescopio-Gemini-registra-explosao-de-Nova.html",""
" 26 de novembro de 2015.","Termodinâmica na prática: construindo conceitos","Contextualização e laboratório didático no ensino médio: as contribuições do trabalho prático no ensino de física.","Canal Ciencia - IBICT","http://www.canalciencia.ibict.br/pesquisa/0293_Termodinamica_na_pratica.html",""
"03 de dezembro de 2003.","Teste respiratório ajuda no diagnóstico e tratamento do transtorno de pânico","Transtorno de Pânico & Respiração","Canal Ciencia - IBICT","http://www.canalciencia.ibict.br/pesquisa/0182-Teste-respiratorio-diagnostico-tratamento-transtorno-panico.html",""
"16 de março de 2004.","Tolerância de dourados e jundiás em níveis de amônia e oxigênio dissolvidos na água: aprimorando as criações em tanques","Aprimoramento da criação de jundiá, Rhamdia quelen, e dourado, Salminus brasiliensis","Canal Ciencia - IBICT","http://www.canalciencia.ibict.br/pesquisa/0206-Dourados-jundias-niveis-de-amonia-e-oxigenio-agua.html",""
"14 de outubro de 2013 ","Trem Luziânia-Brasília: Uma proposta de integração e desenvolvimento regional","","Canal Ciencia - IBICT","http://www.canalciencia.ibict.br/pesquisa/0255-Trem-luziania-brasilia-uma-proposta-de-integracao-regional.html",""
"05 de agosto de 2009.","Técnicas de mineração de dados para extração de informações promovem o desenvolvimento sustentável das Aldeias Indígenas de Xucuru","Mineração de Dados no auxílio às Comunidades das Aldeias Indígenas de Xucuru.","Canal Ciencia - IBICT","http://www.canalciencia.ibict.br/pesquisa/0235-Mineracao-de-dados-e-desenvolvimento-sustentavel-de-aldeias-indigenas.html",""
"24 de abril de 2006.","Técnicas de mineração de dados são utilizadas para a previsão de escorregamentos das encostas","Predição de Escorregamentos das Encostas do Município do Rio de Janeiro através de Técnicas de Mineração de Dados","Canal Ciencia - IBICT","http://www.canalciencia.ibict.br/pesquisa/0224-Mineracao-de-dados-para-previsao-escorregamentos-encostas.html",""
"09 de dezembro de 2002.","Uacari-branco, o mais misterioso macaco da Amazônia","Biologia e ecologia comportamental dos uacaris-brancos nas matas de várzea de Mamirauá","Canal Ciencia - IBICT","http://www.canalciencia.ibict.br/pesquisa/0054-Biologia-ecologia-comportamental-macaco-uacari-amazonia.html",""
"23 de agosto de 2005.","Uso da bioinformática para estudo de vacina contra a esquistossomose","Seleção de antígenos de membrana candidatos a compor uma vacina antiesquistossomótica utilizando análises genômicas do transcriptoma do Schistosoma mansoni e avaliação da imunogenecidade e proteção gerada por estes antígenos.","Canal Ciencia - IBICT","http://www.canalciencia.ibict.br/pesquisa/0216-Bioinformatica-vacina-esquistossomose.html",""
"09 de julho de 2013","Uso da espectroscopia Raman na avaliação de células de câncer de mama","Uso da técnica SERS para distinção entre células sadias e de câncer de mama e para avaliação dessas células após Terapia Fotodinâmica: um estudo in vitro.","Canal Ciencia - IBICT","http://www.canalciencia.ibict.br/pesquisa/0252-A-espectroscopia-Raman-na-avaliacao-em-celulas-de-cancer-de-mama.html",""
"04 de dezembro de 2003.","Uso de fungos no desenvolvimento de novas terapias para a cura das micoses mais comuns no Brasil","Infecções fúngicas de alta incidência no estado do Rio de Janeiro: Caracterização funcional e bioquímica de componentes de superfície associados à patogenicidade","Canal Ciencia - IBICT","http://www.canalciencia.ibict.br/pesquisa/0184-Uso-fungos-terapias-contra-micoses.html",""
"29 de novembro de 2002.","Uso de resíduos madeireiros na economia e ecologia amazônicas","Avaliação do potencial de utilização de resíduos madeireiros e produtos descartáveis derivados da madeira na região amazônica.","Canal Ciencia - IBICT","http://www.canalciencia.ibict.br/pesquisa/0004-Utilizacao-residuos-madeireiros-na-amazonia.html",""
"02 de março de 2015.","Uso do metrô e a sustentabilidade: investindo na qualidade de vida das cidades","Valoração dos benefícios do Metrô para a Saúde Pública com a redução da poluição do ar em São Paulo","Canal Ciencia - IBICT","http://www.canalciencia.ibict.br/pesquisa/0275_Uso_do_metro_saude_humana.html",""
"14 de abril de 2015.","Uso sustentável da biodiversidade de plantas: benefícios para a saúde humana","Uso sustentável da biodiversidade de áreas remanescentes da Mata Atlântica do Estado de São Paulo - avaliação, isolamento e caracterização molecular de metabólitos secundários bioativos em espécies vegetais","Canal Ciencia - IBICT","http://www.canalciencia.ibict.br/pesquisa/0277_Uso_sustentavel_de_plantas_saude_humana.html",""
"19 de outubro de 2011","Vacinação de lobos-guarás contra cinomose e parvovirose caninas","Avaliação pós-vacinal de lobos-guarás Chrysocyon brachyurus (Illiger, 1811) para os vírus da cinomose e parvovirose caninas","Canal Ciencia - IBICT","http://www.canalciencia.ibict.br/pesquisa/0243-Vacinacao-de-lobos-guaras.html",""
"11 de dezembro de 2002.","Valor nutritivo de alimentos amazônicos: açaí, camu-camu, cubiu e pupunha","Potencial dos alimentos da região amazônica e impacto quanto à utilização","Canal Ciencia - IBICT","http://www.canalciencia.ibict.br/pesquisa/0077-Valor-nutritivo-alimentos-amazonicos.html",""
